Num_Acc;senc;catv;occutc;obs;obsm;choc;manv;num_veh
201300030593;0;1;0;0.0;0.0;1.0;1.0;A01
201300030595;0;1;0;0.0;2.0;0.0;2.0;B01
201300030600;0;1;0;0.0;2.0;1.0;13.0;B01
201300030604;0;1;0;0.0;0.0;1.0;0.0;A01
201300030640;0;1;0;0.0;2.0;2.0;9.0;B01
201300030646;0;1;0;0.0;2.0;7.0;11.0;A01
201300030668;0;1;0;0.0;0.0;4.0;0.0;B01
201300030679;0;1;0;0.0;2.0;0.0;0.0;B01
201300030683;0;1;0;0.0;2.0;0.0;0.0;B01
201300030731;0;1;0;0.0;2.0;7.0;9.0;B01
201300030731;0;1;0;0.0;2.0;7.0;9.0;C01
201300030741;0;1;0;1.0;0.0;1.0;21.0;B01
201300030757;0;1;0;0.0;2.0;1.0;0.0;B01
201300030758;0;1;0;0.0;0.0;4.0;2.0;B01
201300030780;0;1;0;0.0;2.0;3.0;2.0;B01
201300030798;0;1;0;0.0;2.0;2.0;1.0;B01
201300030799;0;1;0;0.0;2.0;8.0;1.0;B01
201300030819;0;1;0;0.0;2.0;1.0;0.0;B01
201300030850;0;1;0;0.0;2.0;0.0;0.0;B01
201300030879;0;1;0;0.0;4.0;1.0;13.0;A01
201300030880;1;1;0;0.0;1.0;1.0;1.0;Z01
201300030890;0;1;0;0.0;2.0;1.0;0.0;A01
201300030899;0;1;0;0.0;2.0;0.0;15.0;B01
201300030904;0;1;0;0.0;2.0;0.0;0.0;A01
201300030910;0;1;0;0.0;2.0;1.0;11.0;B01
201300030950;2;1;0;0.0;1.0;1.0;1.0;A01
201300030980;0;1;0;0.0;0.0;0.0;0.0;A01
201300030983;0;1;0;0.0;2.0;1.0;0.0;B01
201300030984;0;1;0;0.0;2.0;1.0;9.0;A01
201300030994;0;1;0;0.0;2.0;1.0;2.0;B01
201300031081;0;1;0;0.0;2.0;8.0;19.0;B01
201300031082;0;1;0;0.0;2.0;7.0;1.0;B01
201300031090;0;1;0;1.0;0.0;6.0;14.0;A01
201300031098;0;1;0;0.0;0.0;7.0;19.0;B01
201300031113;0;1;0;0.0;2.0;5.0;16.0;B01
201300031119;0;1;0;0.0;2.0;0.0;0.0;B01
201300031126;0;1;0;0.0;0.0;8.0;13.0;B01
201300031127;0;1;0;0.0;0.0;4.0;2.0;B01
201300031134;0;1;0;0.0;2.0;1.0;1.0;A01
201300031141;0;1;0;0.0;2.0;1.0;9.0;A01
201300031142;0;1;0;0.0;2.0;8.0;15.0;B01
201300031143;0;1;0;0.0;2.0;7.0;1.0;B01
201300031156;0;1;0;0.0;2.0;1.0;15.0;A01
201300031163;0;1;0;0.0;2.0;6.0;15.0;B01
201300031173;0;1;0;0.0;2.0;1.0;1.0;A01
201300031186;0;1;0;0.0;0.0;8.0;2.0;B01
201300031230;0;1;0;0.0;2.0;1.0;19.0;B01
201300031240;0;1;0;0.0;2.0;3.0;0.0;B01
201300031258;0;1;0;0.0;2.0;4.0;1.0;B01
201300031270;0;1;0;1.0;0.0;1.0;1.0;B01
201300031298;0;1;0;0.0;2.0;1.0;1.0;B01
201300031310;0;1;0;0.0;2.0;1.0;1.0;A01
201300031317;0;1;0;0.0;2.0;8.0;19.0;B01
201300031318;0;1;0;0.0;2.0;4.0;19.0;B01
201300031330;0;1;0;0.0;2.0;0.0;16.0;B01
201300031333;0;1;0;0.0;2.0;4.0;1.0;B01
201300031336;0;1;0;0.0;2.0;8.0;19.0;A01
201300031360;0;1;0;0.0;2.0;8.0;19.0;B01
201300031365;0;1;0;0.0;2.0;4.0;2.0;B01
201300031377;0;1;0;0.0;2.0;7.0;19.0;B01
201300031385;0;1;0;0.0;0.0;4.0;1.0;B01
201300031402;0;1;0;1.0;0.0;0.0;1.0;A01
201300031416;0;1;0;1.0;0.0;0.0;1.0;A01
201300031437;0;1;0;0.0;2.0;1.0;5.0;A01
201300031442;0;1;0;0.0;2.0;0.0;0.0;A01
201300031447;0;1;0;0.0;0.0;3.0;23.0;B01
201300031451;0;1;0;0.0;2.0;8.0;15.0;B01
201300031462;0;1;0;0.0;2.0;0.0;1.0;B01
201300031468;0;1;0;0.0;2.0;6.0;2.0;B01
201300031477;0;1;0;0.0;2.0;1.0;13.0;B01
201300031478;0;1;0;1.0;2.0;8.0;1.0;B01
201300031489;0;1;0;0.0;2.0;1.0;19.0;B01
201300031493;0;1;0;0.0;2.0;4.0;5.0;A01
201300031502;0;1;0;0.0;2.0;1.0;1.0;B01
201300031508;0;1;0;0.0;2.0;2.0;1.0;B01
201300031518;0;1;0;0.0;2.0;1.0;1.0;B01
201300031519;0;1;0;0.0;0.0;0.0;0.0;B01
201300031538;0;1;0;0.0;2.0;1.0;1.0;B01
201300031583;0;1;0;0.0;2.0;1.0;1.0;B01
201300031597;0;1;0;0.0;2.0;1.0;1.0;B01
201300031611;0;1;0;0.0;2.0;4.0;2.0;B01
201300031616;0;1;0;0.0;0.0;0.0;1.0;B01
201300031654;0;1;0;0.0;2.0;1.0;5.0;A01
201300031657;0;1;0;0.0;2.0;1.0;0.0;B01
201300031720;0;1;0;0.0;2.0;7.0;19.0;B01
201300031721;0;1;0;0.0;0.0;0.0;0.0;A01
201300031734;0;1;0;0.0;2.0;8.0;19.0;B01
201300031757;0;1;0;0.0;2.0;1.0;1.0;B01
201300031776;0;1;0;0.0;2.0;1.0;19.0;B01
201300031781;0;1;0;0.0;2.0;1.0;3.0;A01
201300031783;0;1;0;0.0;0.0;0.0;0.0;A01
201300031784;0;1;0;0.0;2.0;1.0;1.0;A01
201300031800;0;1;0;0.0;2.0;4.0;1.0;B01
201300031820;0;1;0;0.0;2.0;8.0;15.0;B01
201300031823;0;1;0;0.0;2.0;3.0;1.0;B01
201300031834;0;1;0;10.0;0.0;0.0;0.0;A01
201300031835;0;1;0;0.0;2.0;1.0;1.0;B01
201300031842;0;1;0;0.0;2.0;7.0;1.0;B01
201300031844;0;1;0;0.0;2.0;1.0;1.0;A01
201300031848;0;1;0;0.0;4.0;1.0;1.0;B01
201300031867;0;1;0;0.0;2.0;3.0;1.0;A01
201300031925;0;1;0;0.0;0.0;0.0;21.0;B01
201300031940;0;1;0;0.0;0.0;0.0;1.0;B01
201300031941;0;1;0;0.0;0.0;8.0;5.0;A01
201300031945;0;1;0;0.0;0.0;0.0;0.0;A01
201300031947;0;1;0;0.0;2.0;2.0;0.0;B01
201300031968;0;1;0;0.0;2.0;1.0;1.0;A01
201300032044;0;1;0;0.0;2.0;1.0;19.0;A01
201300032047;0;1;0;0.0;2.0;4.0;1.0;A01
201300032061;0;1;0;0.0;2.0;1.0;16.0;A01
201300032077;0;1;0;0.0;2.0;1.0;1.0;B01
201300032078;0;1;0;0.0;1.0;8.0;1.0;A01
201300032088;0;1;0;0.0;2.0;4.0;2.0;B01
201300032088;0;1;0;0.0;2.0;1.0;2.0;A01
201300032107;0;1;0;0.0;2.0;0.0;1.0;B01
201300032121;0;1;0;0.0;2.0;0.0;1.0;B01
201300032124;0;1;0;0.0;2.0;1.0;19.0;A01
201300032158;0;1;0;0.0;9.0;8.0;1.0;B01
201300032167;0;1;0;0.0;2.0;1.0;1.0;B01
201300032177;0;1;0;0.0;2.0;1.0;1.0;A01
201300032189;0;1;0;0.0;1.0;1.0;16.0;A01
201300032192;0;1;0;0.0;0.0;0.0;1.0;B01
201300032196;0;1;0;0.0;2.0;1.0;12.0;B01
201300032220;0;1;0;0.0;2.0;6.0;1.0;B01
201300032264;0;1;0;1.0;0.0;1.0;1.0;B01
201300032266;0;1;0;0.0;2.0;1.0;1.0;A01
201300032280;1;1;0;0.0;1.0;1.0;1.0;Z01
201300032282;0;1;0;0.0;2.0;1.0;1.0;B01
201300032293;0;1;0;0.0;2.0;7.0;9.0;A01
201300032296;0;1;0;0.0;2.0;3.0;19.0;B01
201300032298;0;1;0;0.0;2.0;8.0;9.0;A01
201300032301;0;1;0;0.0;2.0;1.0;2.0;A01
201300032302;0;1;0;0.0;2.0;1.0;1.0;B01
201300032307;0;1;0;0.0;2.0;1.0;5.0;A01
201300032312;0;1;0;0.0;1.0;1.0;1.0;A01
201300032327;0;1;0;0.0;2.0;2.0;13.0;B01
201300032329;0;1;0;1.0;0.0;7.0;1.0;B01
201300032334;0;1;0;0.0;2.0;2.0;1.0;B01
201300032335;0;1;0;0.0;2.0;7.0;1.0;B01
201300032338;0;1;0;0.0;2.0;1.0;1.0;B01
201300032340;0;1;0;0.0;2.0;7.0;6.0;B01
201300032350;0;1;0;0.0;2.0;7.0;1.0;B01
201300032353;0;1;0;0.0;2.0;2.0;1.0;B01
201300032356;0;1;0;0.0;2.0;4.0;15.0;B01
201300032366;0;1;0;0.0;2.0;1.0;16.0;B01
201300032369;0;1;0;0.0;2.0;4.0;1.0;B01
201300032369;0;1;0;0.0;2.0;4.0;1.0;C01
201300032372;0;1;0;0.0;2.0;8.0;1.0;B01
201300032376;0;1;0;0.0;2.0;4.0;1.0;B01
201300032379;0;1;0;0.0;2.0;8.0;1.0;B01
201300032396;0;1;0;0.0;2.0;6.0;2.0;B01
201300032397;0;1;0;0.0;2.0;5.0;1.0;B01
201300032404;0;1;0;8.0;0.0;1.0;5.0;A01
201300032425;0;1;0;0.0;2.0;7.0;5.0;B01
201300032429;0;1;0;0.0;2.0;1.0;16.0;B01
201300032432;0;1;0;0.0;2.0;1.0;1.0;B01
201300032444;0;1;0;0.0;2.0;1.0;1.0;B01
201300032449;0;1;0;0.0;1.0;1.0;1.0;A01
201300032456;0;1;0;0.0;2.0;7.0;1.0;B01
201300032463;0;1;0;0.0;2.0;1.0;1.0;B01
201300032477;0;1;0;0.0;2.0;1.0;1.0;A01
201300032485;0;1;0;0.0;2.0;1.0;19.0;A01
201300032503;0;1;0;0.0;2.0;4.0;15.0;A01
201300032506;0;1;0;0.0;2.0;1.0;1.0;B01
201300032517;0;1;0;0.0;2.0;1.0;1.0;B01
201300032522;0;1;0;0.0;2.0;8.0;0.0;A01
201300032530;0;1;0;0.0;2.0;1.0;1.0;B01
201300032554;0;1;0;0.0;2.0;1.0;2.0;B01
201300032555;0;1;0;0.0;2.0;4.0;1.0;B01
201300032558;0;1;0;0.0;2.0;4.0;1.0;B01
201300032573;0;1;0;0.0;2.0;1.0;0.0;B01
201300032580;0;1;0;0.0;2.0;1.0;19.0;B01
201300032585;0;1;0;0.0;2.0;4.0;2.0;B01
201300032591;0;1;0;0.0;2.0;7.0;1.0;B01
201300032612;0;1;0;0.0;2.0;1.0;1.0;A01
201300032614;0;1;0;0.0;0.0;4.0;2.0;B01
201300032616;0;1;0;0.0;2.0;1.0;1.0;B01
201300032617;0;1;0;0.0;2.0;1.0;1.0;B01
201300032624;0;1;0;0.0;2.0;5.0;1.0;B01
201300032639;0;1;0;0.0;2.0;1.0;1.0;B01
201300032640;0;1;0;0.0;2.0;6.0;2.0;A01
201300032666;0;1;0;0.0;2.0;1.0;19.0;A01
201300032674;0;1;0;0.0;2.0;8.0;1.0;B01
201300032676;0;1;0;0.0;2.0;2.0;1.0;B01
201300032688;0;1;0;0.0;2.0;5.0;1.0;B01
201300032704;0;1;0;0.0;2.0;7.0;1.0;B01
201300032706;0;1;0;0.0;2.0;8.0;11.0;A01
201300032715;0;1;0;0.0;2.0;0.0;1.0;B01
201300032720;0;1;0;0.0;2.0;3.0;1.0;B01
201300032725;0;1;0;0.0;2.0;4.0;2.0;B01
201300032749;0;1;0;0.0;2.0;8.0;19.0;A01
201300032758;0;1;0;0.0;2.0;1.0;1.0;B01
201300032783;0;1;0;0.0;2.0;8.0;2.0;B01
201300032793;0;1;0;0.0;2.0;2.0;1.0;B01
201300032845;0;1;0;0.0;0.0;5.0;1.0;B01
201300032849;0;1;0;0.0;0.0;8.0;2.0;B01
201300032850;0;1;0;0.0;2.0;4.0;1.0;B01
201300032860;0;1;0;0.0;2.0;4.0;1.0;B01
201300032897;0;1;0;0.0;2.0;1.0;15.0;A01
201300032903;0;1;0;0.0;2.0;8.0;9.0;B01
201300032910;0;1;0;0.0;2.0;4.0;23.0;C01
201300032914;0;1;0;0.0;2.0;2.0;14.0;A01
201300032915;0;1;0;0.0;2.0;7.0;19.0;A01
201300032924;0;1;0;0.0;2.0;7.0;19.0;B01
201300032928;0;1;0;0.0;2.0;7.0;19.0;B01
201300032929;0;1;0;0.0;4.0;4.0;19.0;A01
201300032935;0;1;0;0.0;2.0;7.0;19.0;B01
201300032938;0;1;0;0.0;2.0;0.0;13.0;A01
201300032955;0;1;0;1.0;0.0;1.0;1.0;B01
201300032957;0;1;0;0.0;2.0;1.0;1.0;B01
201300032963;0;1;0;0.0;2.0;8.0;1.0;B01
201300032969;0;1;0;0.0;2.0;1.0;1.0;B01
201300032973;0;1;0;0.0;4.0;8.0;19.0;A01
201300032974;0;1;0;0.0;2.0;1.0;19.0;B01
201300032977;0;1;0;0.0;2.0;8.0;1.0;B01
201300032985;0;1;0;0.0;2.0;1.0;19.0;A01
201300032989;0;1;0;0.0;2.0;1.0;1.0;A01
201300032996;0;1;0;0.0;2.0;1.0;1.0;B01
201300032999;1;1;0;0.0;2.0;0.0;1.0;Z01
201300032999;0;1;0;0.0;2.0;0.0;1.0;A01
201300033000;0;1;0;0.0;2.0;8.0;19.0;B01
201300033002;0;1;0;0.0;2.0;8.0;19.0;A01
201300033009;0;1;0;0.0;2.0;1.0;19.0;A01
201300033014;0;1;0;0.0;2.0;8.0;1.0;B01
201300033030;0;1;0;0.0;1.0;1.0;19.0;A01
201300033031;0;1;0;0.0;4.0;7.0;19.0;A01
201300033032;0;1;0;0.0;2.0;1.0;19.0;B01
201300033039;0;1;0;0.0;2.0;2.0;14.0;A01
201300033042;0;1;0;0.0;2.0;1.0;19.0;A01
201300033043;0;1;0;0.0;2.0;1.0;18.0;B01
201300033049;0;1;0;0.0;2.0;3.0;1.0;B01
201300033051;0;1;0;0.0;2.0;1.0;19.0;A01
201300033055;0;1;0;0.0;2.0;1.0;15.0;A01
201300033064;0;1;0;0.0;2.0;1.0;19.0;A01
201300033065;0;1;0;0.0;2.0;1.0;19.0;B01
201300033068;0;1;0;0.0;2.0;8.0;19.0;B01
201300033069;0;1;0;0.0;2.0;8.0;19.0;A01
201300033073;0;1;0;1.0;0.0;1.0;1.0;B01
201300033083;0;1;0;0.0;0.0;0.0;1.0;A01
201300033085;0;1;0;0.0;2.0;8.0;1.0;B01
201300033086;0;1;0;0.0;2.0;5.0;19.0;A01
201300033087;0;1;0;0.0;4.0;3.0;19.0;A01
201300033088;0;1;0;0.0;2.0;7.0;5.0;A01
201300033100;0;1;0;0.0;2.0;7.0;19.0;A01
201300033101;0;1;0;0.0;2.0;7.0;1.0;B01
201300033105;0;1;0;0.0;2.0;1.0;5.0;A01
201300033105;0;1;0;0.0;2.0;1.0;1.0;B01
201300033107;0;1;0;0.0;2.0;5.0;1.0;B01
201300033118;0;1;0;0.0;2.0;7.0;1.0;B01
201300033119;0;1;0;0.0;1.0;1.0;1.0;A01
201300033120;0;1;0;0.0;2.0;1.0;1.0;B01
201300033122;0;1;0;0.0;4.0;1.0;19.0;A01
201300033125;0;1;0;0.0;2.0;1.0;0.0;A01
201300033125;0;1;0;0.0;2.0;1.0;0.0;B01
201300033129;0;1;0;0.0;1.0;1.0;1.0;A01
201300033131;0;1;0;0.0;2.0;1.0;1.0;A01
201300033131;0;1;0;0.0;2.0;1.0;1.0;B01
201300033134;0;1;0;0.0;2.0;8.0;19.0;A01
201300033137;0;1;0;0.0;1.0;1.0;1.0;B01
201300033143;0;1;0;0.0;2.0;8.0;1.0;B01
201300033144;0;1;0;0.0;4.0;3.0;19.0;A01
201300033147;0;1;0;0.0;2.0;1.0;1.0;A01
201300033149;0;1;0;0.0;4.0;1.0;1.0;A01
201300033153;0;1;0;0.0;2.0;1.0;15.0;A01
201300033154;0;1;0;0.0;1.0;1.0;1.0;A01
201300033157;0;1;0;0.0;2.0;7.0;1.0;B01
201300033163;0;1;0;0.0;2.0;8.0;1.0;B01
201300033169;0;1;0;0.0;2.0;7.0;19.0;B01
201300033177;0;1;0;0.0;1.0;1.0;1.0;A01
201300033185;0;1;0;0.0;2.0;6.0;11.0;A01
201300033186;0;1;0;0.0;2.0;8.0;19.0;B01
201300033193;0;1;0;1.0;0.0;1.0;1.0;B01
201300033196;0;1;0;0.0;2.0;7.0;19.0;B01
201300033199;0;1;0;0.0;2.0;1.0;19.0;B01
201300033203;0;1;0;0.0;2.0;7.0;1.0;A01
201300033204;0;1;0;0.0;2.0;8.0;19.0;B01
201300033208;0;1;0;0.0;2.0;7.0;1.0;B01
201300033210;0;1;0;0.0;2.0;8.0;1.0;B01
201300033218;0;1;0;0.0;2.0;1.0;19.0;B01
201300033219;0;1;0;0.0;2.0;1.0;1.0;A01
201300033220;0;1;0;0.0;2.0;3.0;1.0;A01
201300033222;0;1;0;0.0;2.0;8.0;1.0;B01
201300033239;0;1;0;0.0;2.0;1.0;1.0;A01
201300033255;0;1;0;0.0;2.0;3.0;15.0;B01
201300033258;0;1;0;0.0;2.0;1.0;1.0;B01
201300033258;0;1;0;0.0;2.0;1.0;19.0;A01
201300033269;0;1;0;0.0;2.0;1.0;17.0;B01
201300033277;0;1;0;0.0;1.0;1.0;1.0;A01
201300033285;0;1;0;0.0;2.0;8.0;5.0;A01
201300033290;0;1;0;0.0;2.0;4.0;0.0;B01
201300033292;0;1;0;0.0;2.0;4.0;11.0;A02
201300033296;0;1;0;0.0;2.0;4.0;1.0;B01
201300033302;0;1;0;0.0;2.0;1.0;1.0;B01
201300033306;0;1;0;0.0;2.0;1.0;19.0;B01
201300033326;0;1;0;0.0;2.0;1.0;19.0;A02
201300033329;0;1;0;0.0;2.0;1.0;0.0;B01
201300033332;0;1;0;0.0;2.0;1.0;1.0;B01
201300033333;0;1;0;0.0;2.0;1.0;9.0;B01
201300033333;0;1;0;0.0;2.0;1.0;1.0;A01
201300033343;0;1;0;5.0;2.0;1.0;1.0;B01
201300033344;0;1;0;0.0;2.0;1.0;1.0;B01
201300033353;0;1;0;0.0;1.0;1.0;0.0;A01
201300033357;0;1;0;0.0;1.0;1.0;0.0;A01
201300033370;0;1;0;0.0;2.0;8.0;0.0;B01
201300033375;0;1;0;0.0;2.0;2.0;0.0;B01
201300033380;0;1;0;0.0;2.0;1.0;0.0;B01
201300033385;0;1;0;0.0;2.0;1.0;2.0;B01
201300033401;0;1;0;0.0;2.0;0.0;16.0;B01
201300033402;0;1;0;0.0;2.0;7.0;0.0;B01
201300033411;0;1;0;0.0;2.0;7.0;0.0;B01
201300033417;0;1;0;0.0;2.0;7.0;1.0;B01
201300033420;1;1;0;0.0;2.0;1.0;1.0;A01
201300033423;0;1;0;0.0;2.0;3.0;1.0;B01
201300033425;0;1;0;0.0;2.0;1.0;1.0;B01
201300033428;0;1;0;0.0;2.0;1.0;1.0;B01
201300033433;0;1;0;0.0;2.0;1.0;15.0;B01
201300033435;0;1;0;0.0;2.0;1.0;1.0;B01
201300033449;0;1;0;0.0;2.0;1.0;1.0;B01
201300033483;0;1;0;0.0;2.0;5.0;1.0;B01
201300033491;0;1;0;0.0;2.0;7.0;1.0;B01
201300033494;0;1;0;0.0;2.0;7.0;1.0;B01
201300033495;0;1;0;0.0;1.0;0.0;0.0;A01
201300033508;0;1;0;0.0;2.0;1.0;5.0;A01
201300033526;0;1;0;0.0;2.0;8.0;9.0;B01
201300033530;0;1;0;0.0;2.0;1.0;1.0;B01
201300033538;0;1;0;0.0;2.0;7.0;12.0;A01
201300033547;0;1;0;0.0;2.0;0.0;21.0;B01
201300033559;0;1;0;0.0;0.0;0.0;0.0;B01
201300033562;0;1;0;8.0;0.0;7.0;0.0;B01
201300033563;0;1;0;1.0;2.0;1.0;21.0;B01
201300033572;0;1;0;0.0;2.0;0.0;1.0;A01
201300033576;0;1;0;0.0;2.0;1.0;2.0;A01
201300033583;0;1;0;0.0;0.0;2.0;1.0;B01
201300033593;0;1;0;0.0;2.0;1.0;1.0;B01
201300033603;0;1;0;0.0;2.0;1.0;2.0;A01
201300033616;0;1;0;0.0;0.0;4.0;2.0;B01
201300033632;0;1;0;0.0;2.0;1.0;16.0;A01
201300033639;0;1;0;0.0;2.0;3.0;19.0;B01
201300033641;0;1;0;0.0;2.0;8.0;1.0;B01
201300033649;0;1;0;0.0;2.0;1.0;1.0;A01
201300033674;0;1;0;0.0;2.0;2.0;16.0;A01
201300033681;0;1;0;0.0;2.0;0.0;1.0;A01
201300033684;0;1;0;0.0;2.0;0.0;1.0;A01
201300033736;0;1;0;0.0;2.0;4.0;1.0;B01
201300033756;0;1;0;0.0;2.0;1.0;1.0;C01
201300033756;0;1;0;0.0;2.0;1.0;1.0;B01
201300033758;0;1;0;0.0;2.0;4.0;1.0;B01
201300033760;0;1;0;0.0;2.0;1.0;1.0;B01
201300033784;0;1;0;0.0;2.0;0.0;0.0;B01
201300033788;0;1;0;0.0;2.0;4.0;9.0;A01
201300033797;0;1;0;1.0;0.0;1.0;1.0;A01
201300033802;0;1;0;0.0;2.0;1.0;2.0;A01
201300033810;0;1;0;0.0;2.0;8.0;1.0;A01
201300033839;0;1;0;0.0;2.0;1.0;0.0;A01
201300033840;0;1;0;0.0;1.0;8.0;1.0;A01
201300033853;0;1;0;0.0;2.0;1.0;1.0;B01
201300033878;0;1;0;0.0;2.0;8.0;1.0;B01
201300033881;0;1;0;0.0;2.0;0.0;19.0;B01
201300033886;0;1;0;0.0;2.0;0.0;1.0;B01
201300033887;0;1;0;0.0;2.0;1.0;1.0;B01
201300033897;0;1;0;0.0;0.0;1.0;13.0;A01
201300033901;0;1;0;0.0;2.0;4.0;1.0;B01
201300033911;0;1;0;0.0;2.0;3.0;1.0;B01
201300033922;0;1;0;0.0;2.0;1.0;0.0;B01
201300033936;0;1;0;0.0;2.0;2.0;1.0;B01
201300033946;0;1;0;0.0;2.0;1.0;15.0;B01
201300033954;0;1;0;0.0;2.0;7.0;1.0;B01
201300033957;0;1;0;0.0;2.0;0.0;0.0;B01
201300033967;0;1;0;0.0;2.0;0.0;1.0;B01
201300033986;0;1;0;0.0;2.0;4.0;1.0;A01
201300034006;0;1;0;0.0;2.0;1.0;1.0;B01
201300034018;0;1;0;0.0;2.0;1.0;18.0;B01
201300034023;0;1;0;0.0;2.0;7.0;1.0;A01
201300034037;0;1;0;0.0;2.0;7.0;1.0;B01
201300034058;0;1;0;0.0;2.0;1.0;19.0;C01
201300034078;0;1;0;0.0;0.0;7.0;0.0;B01
201300034082;0;1;0;0.0;2.0;8.0;15.0;B01
201300034090;0;1;0;0.0;2.0;1.0;23.0;B01
201300034094;0;1;0;0.0;2.0;8.0;9.0;B01
201300034104;0;1;0;0.0;2.0;8.0;1.0;B01
201300034120;0;1;0;0.0;2.0;8.0;0.0;A01
201300034123;0;1;0;0.0;2.0;2.0;1.0;B01
201300034125;0;1;0;0.0;2.0;1.0;5.0;A01
201300034152;0;1;0;0.0;2.0;7.0;1.0;Y01
201300034155;0;1;0;0.0;0.0;4.0;1.0;B01
201300034156;0;1;0;0.0;2.0;7.0;1.0;B01
201300034162;0;1;0;0.0;2.0;7.0;1.0;B01
201300034199;0;1;0;0.0;2.0;1.0;1.0;B01
201300034206;0;1;0;0.0;0.0;2.0;1.0;B01
201300034208;0;1;0;0.0;2.0;0.0;1.0;B01
201300034210;0;1;0;0.0;2.0;1.0;1.0;B01
201300034215;0;1;0;0.0;0.0;4.0;1.0;B01
201300034218;0;1;0;0.0;0.0;4.0;1.0;B01
201300034237;0;1;0;0.0;2.0;1.0;2.0;B01
201300034238;0;1;0;0.0;2.0;1.0;15.0;B01
201300034253;0;1;0;0.0;2.0;1.0;1.0;B01
201300034255;0;1;0;9.0;2.0;1.0;1.0;A01
201300034287;0;1;0;0.0;0.0;1.0;1.0;B01
201300034330;0;1;0;0.0;2.0;1.0;2.0;A01
201300034339;0;1;0;0.0;2.0;1.0;2.0;B01
201300034341;0;1;0;0.0;2.0;0.0;1.0;B01
201300034346;0;1;0;0.0;2.0;1.0;2.0;B01
201300034366;0;1;0;0.0;2.0;1.0;0.0;A01
201300034368;0;1;0;0.0;0.0;1.0;1.0;B01
201300034379;0;1;0;0.0;0.0;4.0;13.0;C01
201300034380;0;1;0;0.0;2.0;1.0;1.0;B01
201300034385;0;1;0;0.0;2.0;1.0;0.0;A01
201300034387;0;1;0;0.0;2.0;1.0;1.0;B01
201300034391;0;1;0;0.0;2.0;4.0;2.0;B01
201300034396;0;1;0;0.0;2.0;3.0;2.0;B01
201300034434;1;1;0;0.0;1.0;8.0;16.0;A01
201300034435;0;1;0;0.0;2.0;1.0;0.0;A01
201300034439;0;1;0;0.0;2.0;8.0;2.0;B01
201300034474;0;1;0;0.0;0.0;0.0;1.0;A01
201300034487;0;1;0;0.0;2.0;1.0;16.0;B01
201300034492;0;1;0;0.0;2.0;8.0;15.0;B01
201300034506;0;1;0;0.0;2.0;8.0;1.0;B01
201300034540;0;1;0;0.0;0.0;0.0;0.0;A01
201300034553;0;1;0;0.0;2.0;1.0;1.0;A01
201300034581;0;1;0;0.0;1.0;1.0;1.0;A01
201300034590;0;1;0;0.0;2.0;1.0;1.0;A01
201300034595;0;1;0;0.0;1.0;1.0;1.0;A01
201300034601;0;1;0;0.0;2.0;1.0;1.0;A01
201300034602;0;1;0;0.0;2.0;3.0;9.0;B01
201300034604;0;1;0;0.0;2.0;8.0;1.0;A01
201300034610;0;1;0;0.0;2.0;8.0;16.0;B01
201300034614;0;1;0;0.0;2.0;3.0;19.0;A01
201300034615;0;1;0;0.0;0.0;0.0;1.0;A01
201300034618;0;1;0;0.0;0.0;0.0;16.0;A01
201300034630;0;1;0;0.0;2.0;1.0;1.0;B01
201300034632;0;1;0;14.0;0.0;0.0;0.0;A01
201300034643;0;1;0;0.0;0.0;1.0;1.0;A01
201300034653;0;1;0;15.0;0.0;1.0;1.0;A01