Num_Acc;senc;catv;occutc;obs;obsm;choc;manv;num_veh
201300034654;0;1;0;0.0;2.0;1.0;1.0;B01
201300034663;0;1;0;1.0;0.0;3.0;15.0;A01
201300034688;0;1;0;0.0;2.0;7.0;1.0;A01
201300034713;0;1;0;0.0;1.0;1.0;17.0;A01
201300034714;0;1;0;0.0;2.0;0.0;1.0;B01
201300034715;0;1;0;0.0;2.0;0.0;5.0;A01
201300034725;0;1;0;0.0;2.0;7.0;1.0;B01
201300034766;0;1;0;0.0;2.0;0.0;19.0;A01
201300034799;0;1;0;0.0;2.0;1.0;1.0;A01
201300034813;0;1;0;0.0;2.0;1.0;0.0;B01
201300034814;0;1;0;0.0;2.0;1.0;1.0;A01
201300034821;0;1;0;0.0;2.0;0.0;0.0;B01
201300034835;0;1;0;0.0;2.0;1.0;19.0;A01
201300034876;0;1;0;0.0;2.0;7.0;19.0;B01
201300034892;0;1;0;0.0;2.0;1.0;1.0;B01
201300034898;0;1;0;8.0;2.0;0.0;14.0;A01
201300034900;0;1;0;0.0;2.0;8.0;0.0;B01
201300034925;0;1;0;0.0;2.0;4.0;1.0;B01
201300034927;0;1;0;0.0;2.0;4.0;19.0;B01
201300034953;0;1;0;0.0;2.0;4.0;1.0;B01
201300034958;0;1;0;0.0;2.0;1.0;19.0;A01
201300034986;0;1;0;0.0;2.0;1.0;13.0;A01
201300035007;0;1;0;0.0;2.0;3.0;1.0;B01
201300035019;0;1;0;0.0;2.0;4.0;15.0;B01
201300035023;0;1;0;0.0;2.0;8.0;1.0;B01
201300035023;0;1;0;0.0;2.0;1.0;1.0;C01
201300035023;0;1;0;0.0;2.0;1.0;1.0;D01
201300035025;0;1;0;1.0;0.0;1.0;2.0;B01
201300035030;0;1;0;0.0;2.0;4.0;2.0;B01
201300035042;0;1;0;0.0;2.0;8.0;2.0;A01
201300035056;0;1;0;0.0;2.0;0.0;1.0;B01
201300035104;0;1;0;0.0;0.0;1.0;1.0;B01
201300035111;0;1;0;0.0;2.0;6.0;2.0;Y01
201300035113;0;1;0;0.0;2.0;6.0;13.0;A01
201300035124;0;1;0;0.0;0.0;4.0;1.0;B01
201300035149;0;1;0;0.0;2.0;1.0;1.0;B01
201300035150;0;1;0;0.0;0.0;8.0;1.0;B01
201300035152;0;1;0;0.0;2.0;1.0;1.0;B01
201300035153;0;1;0;0.0;2.0;0.0;1.0;B01
201300035196;0;1;0;0.0;2.0;1.0;1.0;B01
201300035214;0;1;0;0.0;0.0;0.0;1.0;B01
201300035218;0;1;0;0.0;2.0;4.0;1.0;B01
201300035225;0;1;0;0.0;0.0;2.0;0.0;B01
201300035233;0;1;0;0.0;0.0;4.0;1.0;B01
201300035243;0;1;0;0.0;2.0;8.0;0.0;B01
201300035278;0;1;0;0.0;2.0;8.0;19.0;B01
201300035281;0;1;0;0.0;2.0;8.0;19.0;B01
201300035285;0;1;0;0.0;2.0;4.0;1.0;B01
201300035285;0;1;0;0.0;2.0;6.0;1.0;C01
201300035287;0;1;0;0.0;2.0;1.0;2.0;A01
201300035308;0;1;0;0.0;2.0;3.0;15.0;A01
201300035312;0;1;0;0.0;2.0;7.0;19.0;B01
201300035315;0;1;0;0.0;2.0;6.0;19.0;B01
201300035319;0;1;0;0.0;2.0;1.0;1.0;B01
201300035341;0;1;0;1.0;0.0;1.0;2.0;A01
201300035345;0;1;0;0.0;0.0;8.0;1.0;B01
201300035345;0;1;0;0.0;2.0;4.0;1.0;A01
201300035353;0;1;0;14.0;0.0;1.0;1.0;A01
201300035365;0;1;0;0.0;2.0;5.0;19.0;B01
201300035371;0;1;0;0.0;2.0;7.0;0.0;B01
201300035380;0;1;0;0.0;2.0;1.0;5.0;B01
201300035412;0;1;0;0.0;2.0;1.0;1.0;A01
201300035449;0;1;0;0.0;2.0;3.0;2.0;B01
201300035481;0;1;0;0.0;0.0;3.0;19.0;B01
201300035488;0;1;0;0.0;2.0;1.0;0.0;B01
201300035513;0;1;0;0.0;2.0;8.0;1.0;B01
201300035527;0;1;0;0.0;0.0;1.0;0.0;Y01
201300035528;0;1;0;0.0;0.0;1.0;0.0;B01
201300035540;0;1;0;0.0;2.0;1.0;0.0;B01
201300035545;0;1;0;0.0;2.0;1.0;21.0;B01
201300035558;0;1;0;0.0;0.0;4.0;2.0;B01
201300035582;0;1;0;0.0;0.0;0.0;9.0;B01
201300035588;0;1;0;0.0;2.0;7.0;15.0;B01
201300035592;0;1;0;0.0;2.0;0.0;1.0;B01
201300035638;0;1;0;0.0;2.0;1.0;9.0;A01
201300035640;0;1;0;0.0;2.0;1.0;5.0;A01
201300035646;0;1;0;0.0;2.0;8.0;1.0;B01
201300035653;0;1;0;0.0;2.0;1.0;0.0;B01
201300035666;0;1;0;0.0;0.0;4.0;13.0;A01
201300035693;0;1;0;0.0;2.0;8.0;19.0;B01
201300035696;0;1;0;0.0;2.0;3.0;1.0;B01
201300035706;0;1;0;0.0;2.0;3.0;19.0;B01
201300035723;0;1;0;0.0;0.0;4.0;2.0;B01
201300035734;0;1;0;0.0;1.0;1.0;16.0;A01
201300035743;0;1;0;1.0;0.0;8.0;18.0;B01
201300035760;0;1;0;0.0;2.0;4.0;2.0;C01
201300035760;0;1;0;0.0;2.0;4.0;2.0;B01
201300035765;0;1;0;0.0;2.0;1.0;17.0;B01
201300035770;0;1;0;0.0;2.0;1.0;2.0;A01
201300035777;0;1;0;1.0;2.0;3.0;0.0;B01
201300035788;0;1;0;1.0;0.0;1.0;0.0;B01
201300035806;0;1;0;1.0;0.0;7.0;1.0;B01
201300035813;0;1;0;0.0;0.0;0.0;1.0;C01
201300035819;0;1;0;0.0;2.0;6.0;2.0;B01
201300035826;0;1;0;0.0;2.0;3.0;16.0;A01
201300035828;0;1;0;1.0;0.0;7.0;1.0;A01
201300035845;0;1;0;1.0;2.0;1.0;21.0;B01
201300035848;0;1;0;0.0;2.0;0.0;15.0;A01
201300035860;0;1;0;0.0;2.0;1.0;19.0;A01
201300035865;0;1;0;16.0;0.0;2.0;19.0;B01
201300035874;0;1;0;0.0;0.0;1.0;1.0;A01
201300035880;0;1;0;0.0;2.0;1.0;1.0;A01
201300035887;0;1;0;0.0;2.0;0.0;1.0;B01
201300035890;0;1;0;0.0;2.0;4.0;1.0;B01
201300035894;0;1;0;0.0;2.0;1.0;1.0;A01
201300035912;0;1;0;0.0;2.0;4.0;1.0;B01
201300035920;0;1;0;0.0;2.0;7.0;12.0;A01
201300035935;0;1;0;0.0;0.0;0.0;16.0;A01
201300035937;0;1;0;0.0;2.0;8.0;15.0;B01
201300035946;0;1;0;0.0;2.0;7.0;9.0;B01
201300035954;0;1;0;0.0;2.0;1.0;15.0;A01
201300035956;0;1;0;0.0;2.0;1.0;19.0;B01
201300035963;0;1;0;0.0;2.0;1.0;1.0;B01
201300035964;0;1;0;0.0;2.0;1.0;15.0;B01
201300035967;0;1;0;0.0;2.0;4.0;1.0;B01
201300035968;0;1;0;0.0;2.0;7.0;19.0;B01
201300035975;0;1;0;0.0;2.0;1.0;5.0;A01
201300035977;0;1;0;0.0;2.0;1.0;1.0;A01
201300035987;0;1;0;0.0;1.0;1.0;1.0;A01
201300036013;0;1;0;0.0;1.0;1.0;1.0;A01
201300036016;0;1;0;0.0;2.0;1.0;1.0;B01
201300036022;0;1;0;0.0;2.0;1.0;19.0;B01
201300036023;0;1;0;0.0;2.0;0.0;1.0;B01
201300036025;0;1;0;0.0;2.0;7.0;1.0;B01
201300036031;0;1;0;0.0;2.0;4.0;0.0;B01
201300036043;0;1;0;0.0;2.0;7.0;19.0;A01
201300036059;0;1;0;0.0;2.0;2.0;1.0;A01
201300036060;0;1;0;0.0;1.0;2.0;1.0;A01
201300036102;0;1;0;0.0;2.0;8.0;19.0;A01
201300036143;0;1;0;0.0;2.0;7.0;19.0;B01
201300036147;0;1;0;0.0;0.0;4.0;2.0;B01
201300036148;0;1;0;0.0;2.0;1.0;1.0;B01
201300036179;0;1;0;0.0;2.0;1.0;0.0;B01
201300036198;0;1;0;0.0;2.0;7.0;1.0;B01
201300036199;0;1;0;0.0;2.0;1.0;1.0;B01
201300036204;0;1;0;0.0;2.0;8.0;1.0;B01
201300036220;0;1;0;0.0;1.0;1.0;5.0;A01
201300036228;0;1;0;0.0;2.0;1.0;0.0;B01
201300036242;0;1;0;0.0;2.0;6.0;2.0;B01
201300036263;0;1;0;0.0;2.0;0.0;2.0;B01
201300036273;0;1;0;1.0;0.0;0.0;0.0;A01
201300036287;0;1;0;0.0;2.0;1.0;1.0;B01
201300036292;0;1;0;0.0;2.0;8.0;1.0;B01
201300036296;0;1;0;0.0;2.0;1.0;1.0;B01
201300036314;0;1;0;0.0;2.0;8.0;6.0;B01
201300036315;0;1;0;0.0;2.0;1.0;1.0;B01
201300036321;0;1;0;0.0;2.0;0.0;0.0;A01
201300036335;0;1;0;0.0;2.0;8.0;15.0;B01
201300036344;0;1;0;0.0;2.0;7.0;1.0;B01
201300036352;0;1;0;0.0;2.0;1.0;1.0;Y01
201300036365;0;1;0;0.0;2.0;1.0;1.0;B01
201300036369;0;1;0;0.0;2.0;1.0;0.0;A01
201300036372;0;1;0;0.0;2.0;1.0;1.0;A01
201300036373;0;1;0;0.0;2.0;1.0;0.0;B01
201300036377;0;1;0;0.0;2.0;1.0;1.0;B01
201300036378;0;1;0;0.0;2.0;0.0;1.0;B01
201300036384;0;1;0;0.0;2.0;8.0;1.0;B01
201300036392;0;1;0;0.0;9.0;1.0;1.0;B01
201300036392;0;1;0;0.0;2.0;1.0;5.0;A01
201300036398;0;1;0;0.0;2.0;7.0;1.0;B01
201300036421;0;1;0;0.0;2.0;1.0;15.0;A01
201300036423;0;1;0;0.0;2.0;0.0;15.0;A01
201300036431;0;1;0;0.0;2.0;1.0;19.0;B01
201300036438;0;1;0;0.0;2.0;1.0;1.0;C01
201300036438;0;1;0;0.0;2.0;3.0;1.0;B01
201300036458;0;1;0;0.0;2.0;4.0;1.0;B01
201300036539;0;1;0;0.0;2.0;1.0;1.0;B01
201300036565;0;1;0;0.0;2.0;6.0;1.0;B01
201300036589;0;1;0;0.0;2.0;8.0;1.0;A01
201300036611;0;1;0;0.0;2.0;8.0;15.0;B01
201300036612;0;1;0;0.0;2.0;4.0;1.0;B01
201300036660;0;1;0;0.0;2.0;1.0;15.0;A01
201300036712;0;1;0;0.0;2.0;8.0;1.0;Y01
201300036742;0;1;0;0.0;2.0;3.0;2.0;A01
201300036746;0;1;0;0.0;0.0;4.0;13.0;B01
201300036764;0;1;0;0.0;9.0;0.0;1.0;A01
201300036764;0;1;0;0.0;9.0;0.0;1.0;B01
201300036767;0;1;0;0.0;0.0;8.0;2.0;C01
201300036767;0;1;0;0.0;2.0;6.0;11.0;A01
201300036772;0;1;0;0.0;1.0;1.0;1.0;A01
201300036779;0;1;0;0.0;0.0;1.0;1.0;B01
201300036799;0;1;0;0.0;2.0;1.0;1.0;B01
201300036800;0;1;0;0.0;2.0;8.0;1.0;B01
201300036816;0;1;0;0.0;0.0;1.0;1.0;B01
201300036819;0;1;0;0.0;2.0;1.0;1.0;B01
201300036822;0;1;0;0.0;2.0;0.0;15.0;B01
201300036835;0;1;0;0.0;0.0;7.0;1.0;B01
201300036844;0;1;0;6.0;0.0;1.0;1.0;B01
201300036859;0;1;0;0.0;2.0;1.0;1.0;B01
201300036860;0;1;0;0.0;2.0;2.0;1.0;B01
201300036865;0;1;0;0.0;1.0;1.0;5.0;A01
201300036867;0;1;0;0.0;2.0;8.0;1.0;B01
201300036877;0;1;0;1.0;2.0;1.0;1.0;B01
201300036883;0;1;0;0.0;2.0;1.0;5.0;A01
201300036894;0;1;0;1.0;0.0;1.0;1.0;A01
201300036897;0;1;0;0.0;2.0;3.0;1.0;B01
201300036933;0;1;0;0.0;2.0;1.0;1.0;B01
201300036936;0;1;0;0.0;2.0;7.0;1.0;B01
201300036937;0;1;0;0.0;2.0;1.0;1.0;B01
201300036937;0;1;0;0.0;2.0;1.0;1.0;A01
201300036945;0;1;0;0.0;2.0;1.0;1.0;B01
201300036965;0;1;0;0.0;2.0;8.0;1.0;B01
201300036970;0;1;0;0.0;2.0;8.0;1.0;B01
201300036979;0;1;0;0.0;2.0;0.0;1.0;B01
201300036992;0;1;0;0.0;2.0;1.0;1.0;B01
201300037005;0;1;0;0.0;2.0;1.0;15.0;A01
201300037006;0;1;0;6.0;0.0;1.0;1.0;A01
201300037011;0;1;0;0.0;0.0;0.0;0.0;A01
201300037012;0;1;0;0.0;2.0;1.0;1.0;B01
201300037033;0;1;0;0.0;2.0;7.0;17.0;B01
201300037040;0;1;0;0.0;2.0;8.0;1.0;A01
201300037099;0;1;0;0.0;2.0;1.0;2.0;A01
201300037120;0;1;0;0.0;2.0;1.0;1.0;B01
201300037155;0;1;0;0.0;2.0;1.0;19.0;B01
201300037183;0;1;0;0.0;1.0;1.0;1.0;A01
201300037239;0;1;0;0.0;2.0;1.0;1.0;B01
201300037321;0;1;0;0.0;0.0;1.0;1.0;B01
201300037322;0;1;0;0.0;2.0;1.0;1.0;B01
201300037334;0;1;0;0.0;0.0;0.0;14.0;A01
201300037358;0;1;0;0.0;2.0;1.0;1.0;B01
201300037359;0;1;0;0.0;2.0;1.0;5.0;A01
201300037381;0;1;0;0.0;2.0;1.0;1.0;B01
201300037394;0;1;0;0.0;0.0;0.0;16.0;A01
201300037423;0;1;0;0.0;2.0;1.0;1.0;B01
201300037429;0;1;0;0.0;2.0;1.0;1.0;B01
201300037433;0;1;0;0.0;1.0;1.0;1.0;A01
201300037438;0;1;0;0.0;2.0;1.0;9.0;B01
201300037447;0;1;0;0.0;0.0;6.0;2.0;B01
201300037450;0;1;0;0.0;2.0;2.0;0.0;B01
201300037454;0;1;0;0.0;2.0;1.0;1.0;B01
201300037477;0;1;0;0.0;2.0;1.0;0.0;A01
201300037501;0;1;0;0.0;2.0;1.0;1.0;A01
201300037502;0;1;0;0.0;2.0;8.0;1.0;B01
201300037507;0;1;0;0.0;2.0;1.0;1.0;B01
201300037508;0;1;0;0.0;2.0;3.0;16.0;A01
201300037541;0;1;0;0.0;2.0;1.0;2.0;A01
201300037552;0;1;0;0.0;2.0;8.0;15.0;B01
201300037561;0;1;0;8.0;0.0;0.0;0.0;A01
201300037570;0;1;0;0.0;2.0;1.0;0.0;B01
201300037577;0;1;0;0.0;2.0;7.0;19.0;B01
201300037580;0;1;0;0.0;2.0;1.0;1.0;B01
201300037582;0;1;0;0.0;1.0;8.0;0.0;A01
201300037590;0;1;0;0.0;0.0;0.0;9.0;B01
201300037597;0;1;0;0.0;2.0;2.0;0.0;B01
201300037614;0;1;0;0.0;2.0;0.0;0.0;A01
201300037639;0;1;0;0.0;2.0;1.0;15.0;B01
201300037641;0;1;0;0.0;2.0;1.0;0.0;B01
201300037645;0;1;0;0.0;2.0;1.0;0.0;A01
201300037683;0;1;0;0.0;2.0;1.0;1.0;B01
201300037703;0;1;0;0.0;2.0;1.0;2.0;B01
201300037724;0;1;0;0.0;2.0;8.0;15.0;A01
201300037726;0;1;0;0.0;2.0;0.0;1.0;B01
201300037769;0;1;0;0.0;0.0;0.0;0.0;B01
201300037777;0;1;0;0.0;2.0;8.0;1.0;B01
201300037823;0;1;0;0.0;2.0;1.0;19.0;B01
201300037825;0;1;0;0.0;2.0;4.0;0.0;B01
201300037841;0;1;0;0.0;2.0;1.0;0.0;A01
201300037844;0;1;0;0.0;2.0;1.0;1.0;B01
201300037895;0;1;0;0.0;2.0;4.0;2.0;B01
201300037898;0;1;0;0.0;2.0;4.0;2.0;B01
201300037902;0;1;0;0.0;2.0;7.0;19.0;B01
201300037904;0;1;0;0.0;2.0;6.0;15.0;B01
201300037982;0;1;0;0.0;2.0;0.0;0.0;B01
201300038002;0;1;0;16.0;0.0;9.0;1.0;A01
201300038009;0;1;0;0.0;2.0;4.0;1.0;A01
201300038019;0;1;0;0.0;2.0;8.0;11.0;A01
201300038025;0;1;0;0.0;0.0;1.0;1.0;A01
201300038039;0;1;0;0.0;2.0;1.0;0.0;B01
201300038072;0;1;0;0.0;2.0;4.0;1.0;B01
201300038182;0;1;0;0.0;1.0;1.0;1.0;A01
201300038208;0;1;0;0.0;2.0;2.0;1.0;B01
201300038211;0;1;0;0.0;2.0;4.0;2.0;B01
201300038213;0;1;0;0.0;2.0;1.0;14.0;B01
201300038233;0;1;0;0.0;2.0;0.0;0.0;B01
201300038251;0;1;0;0.0;2.0;4.0;1.0;B01
201300038261;0;1;0;0.0;2.0;8.0;19.0;B01
201300038270;0;1;0;0.0;2.0;4.0;2.0;B01
201300038309;0;1;0;0.0;2.0;6.0;10.0;A01
201300038319;0;1;0;0.0;2.0;1.0;13.0;B01
201300038319;0;1;0;0.0;2.0;1.0;1.0;A01
201300038326;0;1;0;0.0;2.0;1.0;21.0;B01
201300038327;0;1;0;0.0;2.0;1.0;1.0;A01
201300038334;0;1;0;0.0;2.0;0.0;0.0;B01
201300038362;0;1;0;0.0;2.0;3.0;5.0;B01
201300038378;0;1;0;0.0;2.0;1.0;1.0;B01
201300038427;0;1;0;0.0;2.0;1.0;1.0;B01
201300038462;0;1;0;0.0;2.0;4.0;1.0;B01
201300038478;0;1;0;0.0;2.0;4.0;12.0;B01
201300038482;2;1;0;0.0;2.0;1.0;1.0;B01
201300038485;0;1;0;0.0;2.0;4.0;1.0;B01
201300038507;0;1;0;0.0;2.0;1.0;1.0;A01
201300038520;0;1;0;0.0;2.0;1.0;1.0;B01
201300038543;0;1;0;0.0;2.0;1.0;21.0;A01
201300038549;1;1;0;0.0;1.0;1.0;1.0;Z01
201300038551;0;1;0;0.0;2.0;7.0;19.0;A01
201300038552;0;1;0;1.0;0.0;1.0;1.0;B01
201300038553;0;1;0;0.0;2.0;7.0;1.0;B01
201300038578;0;1;0;0.0;2.0;7.0;1.0;A01
201300038598;0;1;0;1.0;0.0;1.0;1.0;B01
201300038618;0;1;0;0.0;1.0;1.0;17.0;A01
201300038625;0;1;0;0.0;2.0;1.0;1.0;A01
201300038629;0;1;0;0.0;2.0;8.0;9.0;B01
201300038648;0;1;0;0.0;2.0;1.0;2.0;A01
201300038667;0;1;0;0.0;2.0;4.0;1.0;A01
201300038695;0;1;0;0.0;2.0;7.0;1.0;B01
201300038715;0;1;0;0.0;2.0;8.0;13.0;B01
201300038798;1;1;0;0.0;2.0;8.0;19.0;A01
201300038859;0;1;0;0.0;2.0;7.0;19.0;A01
201300038869;0;1;0;0.0;1.0;1.0;1.0;A01
201300038870;0;1;0;0.0;2.0;7.0;19.0;B01
201300038925;0;1;0;0.0;2.0;1.0;17.0;B01
201300038953;0;1;0;0.0;2.0;1.0;1.0;B01
201300038964;0;1;0;0.0;2.0;0.0;0.0;B01
201300038965;0;1;0;0.0;2.0;7.0;1.0;B01
201300038989;0;1;0;0.0;2.0;4.0;19.0;B01
201300039022;0;1;0;0.0;2.0;8.0;1.0;B01
201300039049;0;1;0;0.0;2.0;8.0;0.0;B01
201300039050;0;1;0;0.0;0.0;0.0;19.0;B01
201300039065;0;1;0;0.0;0.0;1.0;1.0;B01
201300039068;0;1;0;0.0;2.0;1.0;1.0;B01
201300039085;0;1;0;0.0;2.0;1.0;19.0;B01
201300039086;0;1;0;0.0;2.0;4.0;11.0;B01
201300039088;0;1;0;0.0;2.0;6.0;11.0;A01
201300039113;0;1;0;0.0;1.0;1.0;0.0;A01
201300039119;0;1;0;1.0;0.0;1.0;22.0;B01
201300039125;0;1;0;0.0;2.0;3.0;1.0;B01
201300039151;0;1;0;0.0;0.0;8.0;19.0;B01
201300039154;0;1;0;0.0;0.0;8.0;1.0;B01
201300039168;0;1;0;0.0;2.0;0.0;0.0;B01
201300039178;0;1;0;0.0;2.0;1.0;1.0;B01
201300039190;1;1;0;0.0;1.0;4.0;0.0;A01
201300039191;0;1;0;0.0;2.0;0.0;0.0;A01
201300039197;0;1;0;1.0;0.0;1.0;0.0;B01
201300039200;0;1;0;0.0;0.0;0.0;0.0;B01
201300039201;0;1;0;0.0;2.0;1.0;1.0;B01
201300039212;0;1;0;1.0;0.0;1.0;0.0;B01
201300039231;0;1;0;0.0;1.0;1.0;1.0;A01
201300039237;0;1;0;0.0;2.0;8.0;0.0;B01
201300039246;0;1;0;0.0;0.0;0.0;0.0;B01
201300039252;0;1;0;0.0;2.0;1.0;1.0;A01
201300039253;0;1;0;0.0;2.0;7.0;14.0;B01
201300039254;0;1;0;0.0;2.0;8.0;19.0;B01
201300039262;0;1;0;0.0;2.0;8.0;19.0;B01
201300039275;0;1;0;14.0;0.0;1.0;1.0;A01
201300039287;0;1;0;0.0;2.0;1.0;1.0;A01
201300039308;0;1;0;0.0;2.0;1.0;1.0;B01
201300039314;0;1;0;0.0;2.0;1.0;2.0;B01
201300039327;0;1;0;0.0;2.0;3.0;15.0;B01
201300039342;0;1;0;0.0;2.0;8.0;15.0;B01
201300039348;0;1;0;0.0;2.0;9.0;19.0;B01
201300039371;0;1;0;0.0;2.0;7.0;1.0;B01
201300039431;0;1;0;8.0;0.0;2.0;0.0;A01
201300039439;0;1;0;0.0;1.0;1.0;1.0;A01
201300039460;0;1;0;14.0;2.0;1.0;1.0;B01
201300039462;0;1;0;1.0;0.0;2.0;21.0;B01
201300039467;0;1;0;0.0;2.0;1.0;1.0;B01
201300039514;0;1;0;0.0;2.0;8.0;0.0;A01
201300039525;0;1;0;0.0;2.0;8.0;18.0;B01
201300039532;0;1;0;0.0;2.0;8.0;1.0;B01
201300039533;0;1;0;0.0;2.0;1.0;2.0;B01
201300039539;0;1;0;0.0;1.0;1.0;0.0;A01
201300039540;0;1;0;0.0;2.0;1.0;2.0;A01
201300039546;0;1;0;0.0;2.0;5.0;15.0;A01
201300039550;0;1;0;0.0;2.0;4.0;2.0;B01
201300039556;0;1;0;0.0;2.0;5.0;5.0;B01
201300039580;0;1;0;1.0;0.0;1.0;1.0;A01
201300039582;0;1;0;0.0;1.0;8.0;1.0;A01
201300039601;0;1;0;0.0;2.0;1.0;1.0;B01
201300039645;0;1;0;0.0;2.0;1.0;1.0;A01
201300039683;0;1;0;0.0;2.0;4.0;1.0;B01
201300039687;0;1;0;0.0;2.0;1.0;1.0;B01
201300039700;0;1;0;0.0;0.0;1.0;1.0;A01
201300039703;0;1;0;0.0;2.0;1.0;1.0;A01
201300039712;0;1;0;0.0;0.0;1.0;1.0;A01
201300039750;0;1;0;0.0;2.0;1.0;1.0;B01
201300039757;0;1;0;0.0;2.0;1.0;1.0;B01
201300039761;0;1;0;1.0;0.0;1.0;1.0;B01
201300039763;0;1;0;0.0;0.0;1.0;0.0;A01
201300039772;0;1;0;0.0;2.0;7.0;19.0;B01
201300039802;0;1;0;0.0;2.0;9.0;0.0;C01
201300039811;0;1;0;0.0;2.0;1.0;0.0;A01
201300039814;0;1;0;0.0;2.0;0.0;2.0;B01
201300039815;0;1;0;0.0;2.0;1.0;5.0;B01
201300039821;0;1;0;1.0;0.0;1.0;1.0;B01
201300039839;0;1;0;0.0;2.0;0.0;2.0;B01
201300039858;0;1;0;0.0;0.0;0.0;2.0;A01
201300039862;0;1;0;0.0;2.0;1.0;1.0;B01
201300039882;0;1;0;0.0;2.0;1.0;1.0;B01
201300039894;0;1;0;0.0;2.0;1.0;19.0;A02
201300039895;0;1;0;14.0;0.0;1.0;13.0;A01
201300039906;0;1;0;0.0;2.0;1.0;0.0;A01
201300039924;0;1;0;0.0;2.0;1.0;1.0;B01
201300039969;0;1;0;0.0;2.0;3.0;19.0;B01
201300039983;0;1;0;0.0;0.0;1.0;1.0;A01
201300040021;0;1;0;0.0;0.0;1.0;2.0;B01
201300040038;0;1;0;0.0;2.0;1.0;0.0;B01
201300040044;0;1;0;0.0;2.0;1.0;0.0;B01
201300040070;0;1;0;1.0;0.0;1.0;0.0;B01
201300040076;0;1;0;0.0;2.0;3.0;2.0;B01
201300040085;0;1;0;0.0;2.0;0.0;15.0;B01
201300040099;0;1;0;0.0;2.0;8.0;5.0;B01
201300040105;0;1;0;0.0;2.0;1.0;0.0;B01
201300040107;0;1;0;0.0;2.0;7.0;19.0;B01
201300040115;0;1;0;0.0;2.0;8.0;2.0;B01
201300040121;0;1;0;0.0;2.0;0.0;0.0;B01
201300040136;0;1;0;0.0;2.0;8.0;0.0;B01
201300040156;0;1;0;0.0;2.0;1.0;2.0;B01
201300040157;0;1;0;0.0;2.0;1.0;17.0;A01
201300040171;0;1;0;0.0;2.0;7.0;19.0;B01
201300040183;0;1;0;0.0;2.0;1.0;1.0;A01
201300040184;0;1;0;0.0;2.0;8.0;1.0;B01
201300040191;0;1;0;0.0;2.0;1.0;15.0;B01
201300040199;0;1;0;0.0;2.0;1.0;9.0;B01
201300040212;0;1;0;0.0;2.0;7.0;2.0;B01
201300040217;0;1;0;0.0;2.0;0.0;1.0;B01
201300040222;0;1;0;12.0;0.0;0.0;0.0;A01
201300040232;0;1;0;0.0;0.0;0.0;1.0;A01
201300040242;0;1;0;0.0;2.0;8.0;15.0;B01
201300040243;0;1;0;0.0;2.0;3.0;1.0;B01
201300040247;0;1;0;1.0;0.0;1.0;1.0;B01
201300040260;0;1;0;0.0;0.0;0.0;1.0;A01
201300040267;0;1;0;0.0;2.0;0.0;2.0;B01
201300040281;0;1;0;1.0;0.0;1.0;2.0;A01
201300040301;0;1;0;0.0;2.0;8.0;10.0;A01
201300040307;0;1;0;0.0;2.0;1.0;0.0;B01
201300040351;0;1;0;0.0;2.0;1.0;1.0;A01
201300040352;0;1;0;0.0;0.0;0.0;1.0;A01
201300040406;0;1;0;0.0;2.0;4.0;2.0;B01
201300040411;0;1;0;0.0;0.0;8.0;1.0;A01
201300040422;0;1;0;0.0;0.0;0.0;0.0;A01
201300040435;0;1;0;0.0;2.0;1.0;1.0;B01
201300040446;0;1;0;12.0;0.0;1.0;1.0;A01