Num_Acc;senc;catv;occutc;obs;obsm;choc;manv;num_veh
201300040449;0;1;0;0.0;2.0;2.0;18.0;B01
201300040460;0;1;0;0.0;2.0;6.0;1.0;B01
201300040461;0;1;0;0.0;2.0;1.0;18.0;A01
201300040467;0;1;0;0.0;0.0;0.0;1.0;A01
201300040486;0;1;0;0.0;2.0;1.0;1.0;B01
201300040488;0;1;0;0.0;2.0;1.0;1.0;A01
201300040493;0;1;0;0.0;2.0;1.0;1.0;B01
201300040517;0;1;0;0.0;1.0;1.0;1.0;A01
201300040524;0;1;0;0.0;1.0;1.0;1.0;A01
201300040545;0;1;0;0.0;0.0;0.0;1.0;B01
201300040551;0;1;0;0.0;2.0;1.0;0.0;B01
201300040569;0;1;0;0.0;2.0;0.0;19.0;B01
201300040582;0;1;0;1.0;0.0;0.0;5.0;A01
201300040596;0;1;0;0.0;0.0;0.0;15.0;A01
201300040605;0;1;0;0.0;0.0;0.0;0.0;A01
201300040607;0;1;0;0.0;2.0;8.0;19.0;B01
201300040607;0;1;0;0.0;2.0;1.0;1.0;A01
201300040616;0;1;0;0.0;2.0;1.0;1.0;B01
201300040621;1;1;0;0.0;1.0;0.0;0.0;Z01
201300040639;0;1;0;0.0;1.0;1.0;1.0;A01
201300040653;0;1;0;0.0;2.0;8.0;19.0;B01
201300040696;0;1;0;0.0;9.0;4.0;11.0;B01
201300040712;0;1;0;0.0;1.0;1.0;0.0;A01
201300040756;0;1;0;0.0;2.0;7.0;9.0;B01
201300040761;0;1;0;0.0;0.0;0.0;0.0;B01
201300040767;0;1;0;0.0;2.0;7.0;2.0;B01
201300040784;0;1;0;0.0;0.0;4.0;0.0;B01
201300040787;0;1;0;0.0;2.0;8.0;0.0;B01
201300040800;0;1;0;0.0;2.0;1.0;1.0;A01
201300040803;0;1;0;0.0;0.0;1.0;2.0;A01
201300040812;0;1;0;0.0;0.0;1.0;0.0;B01
201300040845;0;1;0;;0.0;0.0;0.0;B02
201300040861;0;1;0;0.0;2.0;8.0;1.0;B01
201300040870;0;1;0;0.0;2.0;7.0;9.0;B01
201300040920;0;1;0;0.0;2.0;1.0;19.0;A01
201300040921;0;1;0;0.0;2.0;0.0;0.0;A01
201300040928;0;1;0;0.0;2.0;0.0;0.0;C01
201300040934;0;1;0;0.0;2.0;1.0;5.0;A01
201300040943;0;1;0;0.0;2.0;7.0;1.0;B01
201300040950;0;1;0;0.0;2.0;1.0;1.0;A01
201300040951;0;1;0;0.0;2.0;7.0;15.0;B01
201300040978;0;1;0;0.0;2.0;1.0;19.0;B01
201300040983;0;1;0;0.0;2.0;0.0;0.0;B01
201300041004;0;1;0;0.0;0.0;1.0;0.0;B01
201300041025;0;1;0;0.0;0.0;3.0;15.0;B01
201300041055;0;1;0;0.0;0.0;8.0;0.0;B01
201300041090;0;1;0;0.0;1.0;1.0;2.0;A01
201300041095;0;1;0;0.0;0.0;7.0;0.0;B01
201300041102;0;1;0;0.0;2.0;1.0;1.0;A01
201300041187;0;1;0;0.0;2.0;1.0;0.0;B01
201300041216;0;1;0;0.0;2.0;8.0;19.0;B01
201300041229;0;1;0;0.0;1.0;1.0;1.0;A01
201300041296;0;1;0;0.0;2.0;2.0;21.0;A01
201300041310;0;1;0;0.0;0.0;0.0;0.0;A01
201300041312;0;1;0;0.0;2.0;1.0;2.0;A01
201300041386;0;1;0;0.0;0.0;7.0;1.0;A01
201300041442;0;1;0;0.0;2.0;2.0;19.0;A01
201300041446;0;1;0;0.0;2.0;1.0;1.0;B01
201300041468;0;1;0;0.0;0.0;1.0;2.0;B01
201300041479;0;1;0;0.0;2.0;3.0;19.0;B01
201300041492;0;1;0;0.0;0.0;0.0;0.0;B01
201300041535;0;1;0;0.0;0.0;1.0;1.0;B01
201300041538;0;1;0;0.0;2.0;0.0;1.0;B01
201300041593;0;1;0;0.0;0.0;0.0;9.0;B01
201300041618;0;1;0;0.0;0.0;4.0;17.0;B01
201300041642;0;1;0;0.0;2.0;8.0;1.0;B01
201300041652;0;1;0;0.0;2.0;3.0;0.0;A01
201300041680;0;1;0;0.0;0.0;4.0;19.0;B01
201300041754;0;1;0;1.0;0.0;8.0;1.0;B01
201300041760;0;1;0;0.0;2.0;1.0;1.0;B01
201300041760;0;1;0;0.0;2.0;1.0;1.0;C01
201300041760;0;1;0;0.0;2.0;1.0;1.0;D01
201300041760;0;1;0;0.0;2.0;1.0;1.0;E01
201300041766;0;1;0;0.0;2.0;8.0;15.0;B01
201300041782;0;1;0;0.0;2.0;0.0;0.0;B01
201300041808;0;1;0;0.0;2.0;1.0;0.0;B01
201300041814;0;1;0;0.0;2.0;0.0;0.0;B01
201300041818;0;1;0;0.0;2.0;7.0;1.0;B01
201300041830;0;1;0;0.0;0.0;3.0;2.0;A01
201300041842;0;1;0;0.0;2.0;1.0;1.0;B01
201300041899;0;1;0;0.0;0.0;3.0;1.0;B01
201300041913;0;1;0;0.0;9.0;8.0;19.0;B01
201300041934;0;1;0;1.0;2.0;1.0;1.0;B01
201300041937;0;1;0;0.0;0.0;1.0;15.0;B01
201300041966;0;1;0;0.0;0.0;3.0;15.0;B01
201300041967;0;1;0;0.0;0.0;0.0;1.0;B01
201300041981;0;1;0;0.0;0.0;1.0;15.0;A01
201300041985;0;1;0;0.0;0.0;8.0;2.0;B01
201300042023;0;1;0;0.0;2.0;7.0;19.0;A01
201300042039;0;1;0;0.0;2.0;1.0;2.0;B01
201300042080;0;1;0;0.0;2.0;8.0;15.0;B01
201300042191;0;1;0;0.0;0.0;1.0;1.0;B01
201300042205;0;1;0;0.0;2.0;1.0;1.0;B01
201300042206;0;1;0;0.0;0.0;0.0;2.0;B01
201300042246;0;1;0;0.0;2.0;4.0;1.0;B01
201300042263;0;1;0;0.0;2.0;1.0;1.0;B01
201300042284;0;1;0;0.0;2.0;3.0;8.0;A01
201300042327;0;1;0;0.0;0.0;4.0;0.0;A01
201300042363;0;1;0;0.0;2.0;7.0;2.0;B01
201300042403;0;1;0;0.0;2.0;8.0;0.0;B01
201300042407;0;1;0;1.0;0.0;1.0;0.0;B01
201300042413;0;1;0;0.0;0.0;0.0;0.0;B01
201300042430;0;1;0;0.0;2.0;1.0;1.0;A01
201300042450;0;1;0;0.0;2.0;1.0;1.0;B01
201300042465;0;1;0;0.0;2.0;1.0;14.0;B01
201300042479;0;1;0;0.0;2.0;0.0;2.0;A01
201300042502;0;1;0;0.0;2.0;1.0;1.0;A01
201300042514;0;1;0;0.0;9.0;1.0;17.0;A01
201300042514;0;1;0;0.0;9.0;1.0;15.0;B01
201300042525;0;1;0;0.0;2.0;7.0;1.0;B01
201300042528;0;1;0;0.0;0.0;3.0;19.0;B01
201300042530;0;1;0;0.0;0.0;0.0;0.0;A01
201300042532;0;1;0;1.0;2.0;2.0;9.0;B01
201300042539;0;1;0;0.0;2.0;8.0;9.0;B01
201300042543;0;1;0;1.0;0.0;8.0;2.0;B02
201300042549;0;1;0;1.0;0.0;0.0;2.0;B02
201300042608;0;1;0;0.0;2.0;0.0;0.0;A01
201300042653;0;1;0;0.0;2.0;3.0;1.0;B01
201300042675;0;1;0;0.0;0.0;1.0;2.0;A01
201300042681;0;1;0;0.0;2.0;1.0;0.0;A01
201300042686;0;1;0;0.0;2.0;1.0;1.0;B01
201300042688;0;1;0;0.0;2.0;1.0;5.0;B01
201300042716;0;1;0;0.0;2.0;1.0;0.0;B01
201300042723;0;1;0;0.0;0.0;4.0;3.0;B01
201300042737;0;1;0;0.0;2.0;8.0;0.0;B01
201300042755;0;1;0;0.0;2.0;1.0;19.0;B01
201300042757;0;1;0;0.0;2.0;1.0;1.0;B01
201300042759;0;1;0;0.0;2.0;1.0;1.0;B01
201300042772;0;1;0;0.0;0.0;1.0;1.0;B01
201300042778;0;1;0;0.0;1.0;1.0;0.0;A01
201300042791;0;1;0;0.0;2.0;1.0;0.0;B01
201300042849;0;1;0;0.0;0.0;4.0;16.0;B01
201300042863;0;1;0;0.0;0.0;0.0;0.0;A01
201300042870;0;1;0;2.0;;1.0;;B01
201300042874;0;1;0;0.0;0.0;7.0;1.0;B01
201300042912;0;1;0;0.0;2.0;4.0;0.0;B01
201300042938;0;1;0;0.0;1.0;1.0;0.0;A01
201300042945;0;1;0;0.0;2.0;1.0;5.0;A01
201300042952;0;1;0;0.0;2.0;2.0;1.0;B01
201300042955;0;1;0;0.0;2.0;8.0;0.0;B01
201300043016;0;1;0;0.0;2.0;1.0;18.0;B01
201300043020;0;1;0;0.0;0.0;0.0;1.0;B01
201300043021;0;1;0;0.0;2.0;7.0;1.0;B01
201300043039;0;1;0;0.0;2.0;1.0;1.0;B01
201300043046;0;1;0;0.0;2.0;4.0;2.0;B01
201300043054;0;1;0;0.0;0.0;0.0;0.0;B01
201300043069;0;1;0;0.0;2.0;1.0;2.0;B01
201300043097;0;1;0;1.0;0.0;1.0;21.0;B01
201300043105;1;1;0;0.0;1.0;0.0;0.0;A01
201300043107;0;1;0;0.0;2.0;1.0;9.0;A01
201300043154;0;1;0;0.0;2.0;8.0;1.0;B01
201300043177;0;1;0;0.0;2.0;7.0;6.0;B01
201300043178;0;1;0;0.0;2.0;1.0;19.0;B01
201300043188;0;1;0;0.0;2.0;1.0;1.0;A01
201300043251;0;1;0;0.0;9.0;3.0;1.0;A01
201300043324;0;1;0;0.0;0.0;1.0;1.0;B01
201300043430;0;1;0;0.0;2.0;9.0;0.0;B01
201300043431;0;1;0;0.0;2.0;1.0;19.0;B01
201300043456;0;1;0;0.0;2.0;1.0;0.0;B01
201300043474;0;1;0;0.0;0.0;4.0;2.0;B01
201300043517;0;1;0;0.0;2.0;7.0;1.0;A01
201300043546;0;1;0;0.0;0.0;7.0;0.0;A01
201300043548;0;1;0;0.0;2.0;3.0;15.0;A01
201300043566;0;1;0;0.0;0.0;3.0;16.0;B01
201300043624;0;1;0;0.0;2.0;1.0;2.0;A01
201300043640;0;1;0;0.0;0.0;7.0;0.0;B01
201300043658;0;1;0;0.0;2.0;1.0;1.0;B02
201300043663;0;1;0;0.0;2.0;1.0;5.0;A01
201300043666;0;1;0;0.0;2.0;1.0;1.0;A01
201300043682;0;1;0;1.0;0.0;1.0;1.0;B01
201300043709;0;1;0;0.0;2.0;0.0;0.0;B01
201300043716;0;1;0;0.0;2.0;8.0;1.0;A01
201300043735;0;1;0;0.0;1.0;1.0;1.0;A01
201300043748;0;1;0;0.0;2.0;6.0;0.0;B01
201300043750;0;1;0;0.0;0.0;1.0;0.0;A01
201300043751;0;1;0;0.0;2.0;0.0;0.0;B01
201300043763;0;1;0;0.0;2.0;1.0;1.0;B01
201300043791;0;1;0;0.0;2.0;8.0;1.0;A02
201300043808;0;1;0;0.0;0.0;2.0;2.0;B01
201300043814;0;1;0;0.0;0.0;3.0;0.0;B01
201300043873;0;1;0;0.0;2.0;1.0;1.0;B01
201300043897;0;1;0;0.0;0.0;4.0;2.0;B01
201300043907;0;1;0;0.0;2.0;1.0;2.0;B01
201300043947;0;1;0;1.0;0.0;1.0;1.0;B01
201300043960;0;1;0;0.0;2.0;3.0;1.0;A01
201300044000;0;1;0;0.0;2.0;7.0;1.0;B01
201300044030;0;1;0;0.0;2.0;1.0;1.0;B01
201300044031;0;1;0;0.0;0.0;1.0;1.0;B01
201300044050;0;1;0;0.0;2.0;1.0;1.0;A01
201300044051;0;1;0;0.0;2.0;1.0;1.0;B01
201300044079;0;1;0;0.0;2.0;8.0;18.0;B01
201300044125;0;1;0;0.0;0.0;0.0;0.0;B01
201300044126;0;1;0;0.0;0.0;0.0;1.0;B01
201300044151;0;1;0;0.0;2.0;7.0;1.0;B01
201300044153;0;1;0;0.0;0.0;1.0;1.0;B01
201300044160;0;1;0;0.0;0.0;1.0;1.0;A01
201300044160;0;1;0;0.0;0.0;0.0;1.0;B01
201300044161;0;1;0;0.0;2.0;8.0;19.0;B01
201300044169;0;1;0;0.0;2.0;1.0;1.0;B01
201300044171;0;1;0;0.0;1.0;1.0;1.0;A01
201300044173;0;1;0;0.0;2.0;8.0;1.0;B01
201300044175;0;1;0;0.0;2.0;1.0;2.0;B01
201300044181;0;1;0;0.0;2.0;1.0;9.0;B01
201300044187;0;1;0;0.0;2.0;1.0;2.0;B01
201300044188;0;1;0;0.0;2.0;7.0;1.0;B01
201300044198;0;1;0;0.0;0.0;2.0;0.0;B01
201300044210;0;1;0;0.0;2.0;2.0;1.0;B01
201300044265;0;1;0;0.0;2.0;1.0;1.0;A01
201300044265;0;1;0;0.0;2.0;8.0;1.0;B01
201300044284;0;1;0;0.0;2.0;1.0;23.0;B01
201300044294;0;1;0;0.0;2.0;0.0;15.0;A01
201300044295;0;1;0;1.0;0.0;1.0;1.0;B01
201300044302;0;1;0;0.0;2.0;0.0;1.0;B01
201300044307;0;1;0;0.0;2.0;8.0;1.0;B01
201300044336;0;1;0;0.0;2.0;1.0;1.0;B01
201300044339;0;1;0;0.0;2.0;1.0;0.0;B01
201300044369;0;1;0;0.0;2.0;1.0;1.0;A01
201300044411;0;1;0;0.0;2.0;7.0;1.0;B01
201300044474;0;1;0;0.0;2.0;0.0;18.0;B01
201300044476;0;1;0;0.0;2.0;1.0;18.0;B01
201300044494;0;1;0;0.0;2.0;1.0;17.0;B01
201300044503;0;1;0;0.0;2.0;3.0;19.0;A01
201300044507;0;1;0;0.0;1.0;1.0;1.0;A01
201300044512;0;1;0;0.0;2.0;1.0;1.0;B01
201300044516;0;1;0;1.0;0.0;1.0;17.0;B01
201300044518;0;1;0;1.0;0.0;0.0;0.0;B01
201300044540;0;1;0;0.0;2.0;0.0;2.0;A01
201300044557;0;1;0;0.0;2.0;3.0;18.0;B01
201300044575;0;1;0;0.0;2.0;3.0;19.0;B01
201300044580;0;1;0;0.0;2.0;1.0;9.0;A01
201300044586;0;1;0;0.0;2.0;3.0;1.0;A01
201300044614;0;1;0;0.0;2.0;2.0;1.0;B01
201300044658;0;1;0;0.0;0.0;0.0;21.0;A01
201300044690;0;1;0;1.0;0.0;2.0;1.0;B01
201300044731;0;1;0;0.0;2.0;1.0;1.0;C01
201300044738;0;1;0;0.0;2.0;1.0;13.0;A01
201300044759;0;1;0;0.0;2.0;1.0;1.0;A01
201300044766;0;1;0;16.0;0.0;9.0;13.0;A01
201300044780;0;1;0;0.0;2.0;4.0;15.0;A01
201300044784;0;1;0;0.0;2.0;1.0;1.0;B01
201300044853;0;1;0;0.0;2.0;8.0;1.0;A01
201300044877;0;1;0;0.0;2.0;1.0;9.0;B01
201300044891;0;1;0;0.0;2.0;4.0;1.0;B01
201300044900;0;1;0;0.0;2.0;1.0;1.0;B01
201300044922;0;1;0;0.0;2.0;1.0;1.0;A01
201300044956;0;1;0;0.0;2.0;1.0;1.0;B01
201300044966;0;1;0;0.0;2.0;1.0;9.0;A01
201300044967;0;1;0;16.0;0.0;1.0;1.0;A01
201300044973;0;1;0;0.0;2.0;2.0;1.0;A01
201300044988;0;1;0;0.0;2.0;4.0;15.0;A01
201300044990;0;1;0;0.0;2.0;3.0;9.0;A01
201300044998;0;1;0;0.0;2.0;1.0;1.0;B01
201300045063;0;1;0;0.0;2.0;8.0;1.0;A01
201300045065;0;1;0;0.0;2.0;7.0;19.0;B01
201300045081;0;1;0;0.0;2.0;8.0;1.0;A01
201300045104;0;1;0;0.0;1.0;1.0;1.0;A01
201300045150;0;1;0;0.0;2.0;7.0;1.0;B01
201300045151;0;1;0;0.0;2.0;1.0;1.0;A01
201300045157;0;1;0;0.0;2.0;6.0;15.0;A01
201300045240;0;1;0;0.0;2.0;4.0;1.0;A01
201300045244;0;1;0;0.0;2.0;0.0;15.0;A01
201300045246;0;1;0;0.0;2.0;7.0;0.0;A01
201300045248;0;1;0;0.0;2.0;1.0;1.0;A01
201300045250;0;1;0;0.0;2.0;1.0;1.0;A01
201300045256;0;1;0;0.0;2.0;1.0;2.0;A01
201300045272;0;1;0;0.0;2.0;8.0;0.0;B01
201300045274;0;1;0;0.0;2.0;8.0;19.0;A01
201300045276;0;1;0;0.0;0.0;0.0;0.0;B01
201300047646;0;1;0;0.0;2.0;8.0;19.0;B01
201300047913;0;1;0;0.0;2.0;2.0;14.0;A01
201300047968;0;1;0;1.0;2.0;1.0;1.0;A01
201300047993;0;1;0;0.0;2.0;8.0;1.0;B01
201300048014;0;1;0;0.0;2.0;1.0;1.0;B01
201300048029;0;1;0;0.0;2.0;1.0;1.0;A01
201300048106;0;1;0;0.0;2.0;1.0;1.0;B01
201300048112;0;1;0;0.0;2.0;1.0;1.0;A01
201300048114;0;1;0;0.0;2.0;0.0;1.0;B01
201300048124;0;1;0;0.0;1.0;3.0;1.0;A01
201300048125;0;1;0;0.0;2.0;4.0;23.0;A01
201300048145;0;1;0;0.0;2.0;0.0;13.0;B01
201300048150;0;1;0;0.0;1.0;1.0;5.0;A01
201300048151;0;1;0;0.0;1.0;1.0;5.0;A01
201300048154;0;1;0;0.0;2.0;1.0;19.0;A01
201300048159;0;1;0;0.0;1.0;0.0;1.0;A01
201300048165;0;1;0;0.0;2.0;1.0;1.0;A01
201300048167;0;1;0;0.0;1.0;1.0;2.0;A01
201300048319;0;1;0;0.0;2.0;6.0;15.0;B01
201300048330;0;1;0;0.0;2.0;7.0;0.0;A01
201300048344;0;1;0;0.0;2.0;1.0;1.0;B01
201300048345;0;1;0;0.0;1.0;0.0;0.0;A01
201300048346;0;1;0;0.0;2.0;0.0;1.0;B01
201300048349;0;1;0;0.0;2.0;1.0;1.0;A01
201300048350;0;1;0;0.0;2.0;8.0;1.0;B01
201300048353;0;1;0;0.0;2.0;3.0;1.0;B01
201300048357;0;1;0;0.0;0.0;1.0;2.0;B01
201300048361;0;1;0;0.0;2.0;0.0;7.0;B01
201300048370;0;1;0;1.0;0.0;1.0;1.0;B01
201300048382;0;1;0;0.0;2.0;1.0;17.0;B01
201300048385;0;1;0;0.0;2.0;7.0;1.0;B01
201300048409;0;1;0;0.0;2.0;4.0;1.0;B01
201300048410;0;1;0;0.0;2.0;8.0;1.0;B01
201300048412;0;1;0;0.0;1.0;0.0;13.0;A01
201300048415;0;1;0;0.0;2.0;6.0;19.0;B01
201300048421;0;1;0;0.0;2.0;4.0;0.0;B01
201300048426;0;1;0;0.0;2.0;1.0;1.0;B01
201300048427;0;1;0;0.0;2.0;1.0;1.0;B01
201300048432;0;1;0;0.0;2.0;0.0;9.0;B01
201300048437;0;1;0;0.0;2.0;0.0;14.0;B01
201300048438;0;1;0;0.0;2.0;7.0;7.0;A01
201300048441;0;1;0;0.0;2.0;6.0;1.0;B01
201300048453;0;1;0;0.0;2.0;2.0;2.0;B01
201300048456;0;1;0;0.0;1.0;1.0;1.0;A01
201300048463;0;1;0;1.0;0.0;1.0;1.0;B01
201300048472;0;1;0;2.0;1.0;7.0;14.0;A01
201300048478;0;1;0;0.0;2.0;7.0;1.0;A01
201300048483;0;1;0;0.0;2.0;4.0;11.0;B01
201300048484;0;1;0;0.0;2.0;1.0;2.0;A01
201300048488;0;1;0;0.0;2.0;1.0;16.0;A01
201300048491;0;1;0;0.0;2.0;1.0;2.0;B01
201300048496;0;1;0;1.0;0.0;1.0;1.0;B01
201300048501;0;1;0;0.0;2.0;1.0;23.0;B01
201300048504;0;1;0;0.0;2.0;7.0;2.0;B01
201300048509;0;1;0;0.0;2.0;1.0;1.0;B01
201300048517;0;1;0;0.0;1.0;1.0;1.0;A01
201300048526;0;1;0;0.0;2.0;1.0;15.0;B01
201300048542;0;1;0;0.0;2.0;1.0;1.0;B01
201300048548;0;1;0;0.0;2.0;0.0;1.0;B01
201300048551;0;1;0;0.0;2.0;1.0;2.0;B01
201300048552;0;1;0;0.0;2.0;6.0;11.0;A01
201300048553;0;1;0;0.0;2.0;0.0;1.0;B01
201300048562;0;1;0;0.0;2.0;1.0;1.0;A01
201300048809;0;1;0;0.0;2.0;1.0;2.0;A01
201300048818;0;1;0;9.0;0.0;1.0;14.0;A01
201300048818;0;1;0;9.0;0.0;1.0;13.0;B01
201300048825;0;1;0;0.0;9.0;1.0;5.0;B01
201300048825;0;1;0;0.0;9.0;1.0;1.0;A01
201300048827;0;1;0;0.0;2.0;1.0;15.0;B01
201300048827;0;1;0;12.0;2.0;1.0;15.0;A01
201300048847;0;1;0;0.0;2.0;1.0;1.0;B01
201300048918;0;1;0;0.0;2.0;1.0;1.0;B01
201300048965;0;1;0;0.0;2.0;1.0;1.0;A01
201300048973;0;1;0;0.0;2.0;1.0;0.0;B01
201300048978;0;1;0;0.0;2.0;8.0;1.0;A01
201300048984;0;1;0;0.0;1.0;1.0;1.0;A01
201300048985;0;1;0;0.0;0.0;0.0;21.0;B01
201300048993;0;1;0;0.0;4.0;9.0;1.0;A01
201300049001;0;1;0;0.0;2.0;7.0;1.0;B01
201300049006;0;1;0;0.0;2.0;7.0;19.0;A01
201300049008;0;1;0;0.0;2.0;7.0;1.0;B01
201300049010;0;1;0;0.0;2.0;7.0;1.0;B01
201300049014;0;1;0;0.0;2.0;7.0;19.0;A01
201300049021;0;1;0;0.0;2.0;1.0;13.0;A01
201300049021;0;1;0;0.0;2.0;1.0;1.0;B01
201300049024;0;1;0;0.0;2.0;4.0;2.0;B01
201300049036;0;1;0;0.0;2.0;7.0;1.0;A01
201300049044;0;1;0;0.0;2.0;7.0;1.0;B01
201300049053;0;1;0;0.0;2.0;8.0;15.0;B01
201300049054;0;1;0;1.0;0.0;1.0;1.0;B01
201300049056;0;1;0;0.0;2.0;1.0;1.0;A01
201300049070;0;1;0;0.0;2.0;1.0;2.0;B01
201300049074;0;1;0;0.0;2.0;8.0;1.0;Y01
201300049075;0;1;0;0.0;0.0;0.0;0.0;B01
201300049102;0;1;0;0.0;2.0;0.0;1.0;B01
201300049104;0;1;0;0.0;2.0;7.0;2.0;A01
201300049109;0;1;0;0.0;2.0;1.0;2.0;B01
201300049111;0;1;0;0.0;2.0;1.0;1.0;B01
201300049116;0;1;0;1.0;0.0;1.0;2.0;B01
201300049117;0;1;0;0.0;2.0;1.0;19.0;A01
201300049123;0;1;0;0.0;2.0;0.0;16.0;B01
201300049131;0;1;0;1.0;0.0;1.0;1.0;B01
201300049132;0;1;0;0.0;2.0;8.0;0.0;A01
201300049138;0;1;0;0.0;0.0;0.0;13.0;B01
201300049143;1;1;0;0.0;2.0;1.0;1.0;A01
201300049575;0;1;0;0.0;2.0;1.0;1.0;A01
201300049582;0;1;0;0.0;2.0;1.0;1.0;B01
201300049587;0;1;0;0.0;2.0;1.0;1.0;B01
201300049596;0;1;0;0.0;2.0;0.0;13.0;A01
201300049609;0;1;0;0.0;2.0;8.0;19.0;B01
201300049632;0;1;0;0.0;2.0;2.0;15.0;B01
201300049633;0;1;0;0.0;2.0;1.0;15.0;A01
201300049636;0;1;0;1.0;0.0;1.0;14.0;A01
201300049700;0;1;0;0.0;0.0;4.0;19.0;A01
201300050148;0;1;0;0.0;0.0;6.0;14.0;B01
201300050174;0;1;0;0.0;2.0;3.0;19.0;A01
201300050176;0;1;0;0.0;2.0;1.0;7.0;B01
201300050198;0;1;0;0.0;2.0;4.0;7.0;B01
201300050200;0;1;0;0.0;2.0;4.0;15.0;B01
201300050208;0;1;0;0.0;1.0;0.0;1.0;A01
201300050215;0;1;0;0.0;0.0;0.0;7.0;A01
201300050217;0;1;0;0.0;2.0;4.0;2.0;B01
201300050225;0;1;0;0.0;1.0;8.0;7.0;A01
201300050232;1;1;0;0.0;1.0;0.0;1.0;Z01
201300050244;0;1;0;0.0;0.0;0.0;15.0;B01
201300050245;0;1;0;0.0;1.0;1.0;7.0;A01
201300050248;0;1;0;0.0;2.0;1.0;1.0;B01
201300050249;0;1;0;0.0;2.0;0.0;15.0;B01
201300050257;0;1;0;0.0;2.0;1.0;15.0;B01
201300050265;0;1;0;0.0;2.0;8.0;13.0;B01
201300050269;0;1;0;0.0;0.0;7.0;1.0;B01
201300050280;0;1;0;0.0;0.0;1.0;1.0;A01
201300050281;0;1;0;0.0;2.0;7.0;1.0;B01
201300050282;1;1;0;0.0;2.0;0.0;17.0;B01
201300050285;0;1;0;1.0;0.0;1.0;1.0;B01
201300050295;0;1;0;0.0;2.0;6.0;7.0;A01
201300050296;0;1;0;0.0;0.0;0.0;7.0;B01
201300050300;0;1;0;0.0;1.0;1.0;1.0;A01
201300050309;0;1;0;0.0;0.0;0.0;1.0;A01
201300050311;0;1;0;0.0;2.0;4.0;13.0;B01
201300050317;0;1;0;0.0;2.0;4.0;1.0;B01
201300050332;0;1;0;0.0;2.0;2.0;1.0;B01
201300050343;0;1;0;0.0;2.0;7.0;1.0;B01
201300050348;0;1;0;0.0;1.0;0.0;7.0;A01
201300050349;0;1;0;0.0;2.0;3.0;13.0;A01
201300050356;0;1;0;0.0;2.0;0.0;1.0;B01
201300050361;0;1;0;1.0;0.0;0.0;17.0;B01
201300050370;0;1;0;0.0;2.0;1.0;1.0;A01
201300050378;0;1;0;1.0;0.0;1.0;1.0;B01
201300050393;0;1;0;0.0;1.0;1.0;1.0;A01
201300050401;0;1;0;0.0;2.0;1.0;7.0;B01
201300050415;0;1;0;0.0;2.0;1.0;3.0;A01
201300050417;1;1;0;0.0;1.0;1.0;16.0;A01
201300050418;0;1;0;0.0;2.0;8.0;13.0;A01
201300050431;1;1;0;0.0;1.0;0.0;1.0;Z01
201300050438;0;1;0;0.0;2.0;8.0;2.0;C01
201300050440;0;1;0;0.0;2.0;2.0;1.0;A01
201300050466;0;1;0;0.0;2.0;0.0;7.0;B01
201300050475;0;1;0;0.0;0.0;0.0;1.0;A01
201300050484;0;1;0;0.0;0.0;0.0;1.0;A01
201300050488;0;1;0;0.0;2.0;1.0;7.0;A01
201300050492;0;1;0;0.0;2.0;7.0;19.0;A01
201300050496;0;1;0;0.0;2.0;7.0;1.0;A01
201300050499;0;1;0;0.0;2.0;7.0;1.0;A01
201300050500;0;1;0;12.0;0.0;7.0;1.0;A01