Num_Acc;senc;catv;occutc;obs;obsm;choc;manv;num_veh
201300050503;0;1;0;0.0;2.0;4.0;16.0;B01
201300050504;0;1;0;0.0;0.0;1.0;13.0;B01
201300050507;0;1;0;0.0;2.0;8.0;2.0;A01
201300050515;0;1;0;0.0;2.0;2.0;1.0;A01
201300050521;0;1;0;0.0;2.0;4.0;15.0;A01
201300050522;0;1;0;14.0;0.0;1.0;18.0;B01
201300050524;0;1;0;0.0;2.0;7.0;15.0;A01
201300050528;0;1;0;0.0;2.0;7.0;7.0;A01
201300050532;0;1;0;0.0;1.0;1.0;16.0;A01
201300050535;0;1;0;0.0;2.0;8.0;13.0;B01
201300050539;0;1;0;0.0;1.0;1.0;1.0;A01
201300050544;0;1;0;1.0;0.0;1.0;1.0;B01
201300050545;0;1;0;0.0;0.0;0.0;1.0;A01
201300050553;0;1;0;0.0;2.0;8.0;1.0;A01
201300050555;0;1;0;0.0;0.0;0.0;1.0;A01
201300050556;0;1;0;0.0;2.0;8.0;13.0;A01
201300050557;0;1;0;0.0;2.0;3.0;7.0;B01
201300050564;0;1;0;0.0;2.0;8.0;19.0;A01
201300050573;0;1;0;0.0;2.0;8.0;1.0;B01
201300050580;0;1;0;0.0;2.0;7.0;16.0;B01
201300050582;0;1;0;1.0;0.0;0.0;18.0;A01
201300050592;0;1;0;0.0;2.0;1.0;1.0;B01
201300050595;0;1;0;0.0;2.0;8.0;1.0;B01
201300050607;0;1;0;0.0;1.0;1.0;7.0;A01
201300050611;0;1;0;0.0;0.0;0.0;12.0;B01
201300050632;0;1;0;0.0;2.0;4.0;18.0;A01
201300050645;0;1;0;0.0;2.0;7.0;2.0;B01
201300050653;0;1;0;0.0;2.0;2.0;13.0;A01
201300050653;0;1;0;0.0;2.0;3.0;1.0;B01
201300050654;0;1;0;0.0;2.0;8.0;13.0;B01
201300050657;0;1;0;0.0;2.0;3.0;11.0;A01
201300050658;0;1;0;0.0;1.0;1.0;1.0;A01
201300050663;0;1;0;0.0;2.0;3.0;13.0;B01
201300050664;0;1;0;0.0;2.0;0.0;7.0;A01
201300050664;1;1;0;0.0;2.0;0.0;7.0;Z01
201300050666;0;1;0;0.0;2.0;8.0;15.0;A01
201300050667;0;1;0;0.0;2.0;1.0;16.0;A01
201300050668;0;1;0;0.0;2.0;1.0;7.0;A01
201300050670;0;1;0;0.0;2.0;6.0;1.0;B01
201300050676;0;1;0;0.0;2.0;4.0;19.0;A01
201300050681;0;1;0;0.0;2.0;8.0;1.0;B01
201300050686;0;1;0;0.0;2.0;0.0;7.0;A01
201300050688;0;1;0;0.0;2.0;8.0;1.0;B01
201300050693;1;1;0;0.0;1.0;0.0;7.0;Z01
201300050694;0;1;0;0.0;2.0;4.0;15.0;B01
201300050695;0;1;0;0.0;1.0;1.0;15.0;A01
201300050697;0;1;0;0.0;2.0;7.0;1.0;B01
201300050699;0;1;0;15.0;0.0;1.0;1.0;A01
201300050700;0;1;0;0.0;2.0;7.0;1.0;B01
201300050701;0;1;0;0.0;2.0;0.0;1.0;B01
201300050710;0;1;0;0.0;2.0;7.0;1.0;B01
201300050712;0;1;0;0.0;0.0;7.0;15.0;A01
201300050721;0;1;0;0.0;0.0;5.0;1.0;B01
201300050727;0;1;0;0.0;1.0;1.0;1.0;A01
201300050742;0;1;0;0.0;0.0;0.0;7.0;A01
201300050761;0;1;0;0.0;1.0;1.0;1.0;A01
201300050763;0;1;0;0.0;2.0;7.0;1.0;A01
201300050764;0;1;0;0.0;0.0;1.0;7.0;B01
201300050771;0;1;0;0.0;1.0;1.0;1.0;A01
201300050784;0;1;0;1.0;0.0;1.0;1.0;B01
201300050786;0;1;0;0.0;2.0;3.0;7.0;B01
201300050790;0;1;0;0.0;0.0;0.0;7.0;A01
201300050794;0;1;0;0.0;0.0;0.0;1.0;A01
201300050795;0;1;0;0.0;1.0;1.0;7.0;A01
201300050801;0;1;0;0.0;2.0;1.0;15.0;A01
201300050810;0;1;0;0.0;2.0;0.0;1.0;B01
201300050818;0;1;0;0.0;2.0;1.0;13.0;A01
201300050822;0;1;0;0.0;2.0;3.0;1.0;B01
201300050826;0;1;0;1.0;0.0;1.0;1.0;A01
201300050830;0;1;0;0.0;1.0;1.0;5.0;A01
201300050836;0;1;0;0.0;2.0;1.0;1.0;B01
201300050838;0;1;0;0.0;2.0;0.0;17.0;A01
201300050841;0;1;0;1.0;2.0;1.0;18.0;B01
201300050851;0;1;0;0.0;2.0;1.0;7.0;B01
201300050852;0;1;0;0.0;2.0;6.0;13.0;A01
201300050858;0;1;0;0.0;1.0;1.0;1.0;A01
201300050859;0;1;0;0.0;2.0;7.0;2.0;A01
201300050861;0;1;0;0.0;0.0;0.0;1.0;B01
201300050876;0;1;0;0.0;2.0;1.0;1.0;B01
201300050880;0;1;0;0.0;2.0;7.0;1.0;B01
201300050883;0;1;0;0.0;2.0;3.0;7.0;B01
201300050885;0;1;0;1.0;0.0;0.0;1.0;B01
201300050888;0;1;0;14.0;0.0;1.0;1.0;C01
201300050888;0;1;0;0.0;2.0;1.0;1.0;B01
201300050891;0;1;0;0.0;2.0;1.0;1.0;B01
201300050895;0;1;0;0.0;2.0;1.0;2.0;B01
201300050900;0;1;0;0.0;0.0;6.0;19.0;B01
201300050906;0;1;0;0.0;0.0;0.0;1.0;A01
201300050907;0;1;0;0.0;2.0;7.0;7.0;B01
201300050910;0;1;0;0.0;2.0;1.0;2.0;A01
201300050915;0;1;0;0.0;0.0;0.0;1.0;A01
201300050927;0;1;0;0.0;2.0;1.0;1.0;A01
201300050941;0;1;0;0.0;2.0;8.0;7.0;B01
201300050950;0;1;0;0.0;2.0;8.0;7.0;B01
201300050959;0;1;0;0.0;1.0;1.0;1.0;A01
201300050962;0;1;0;0.0;0.0;1.0;1.0;A01
201300050967;0;1;0;0.0;2.0;1.0;1.0;B01
201300050972;0;1;0;0.0;2.0;4.0;2.0;A01
201300050978;0;1;0;0.0;1.0;1.0;1.0;A01
201300050982;0;1;0;0.0;2.0;8.0;1.0;B01
201300050985;0;1;0;0.0;2.0;3.0;13.0;B01
201300050996;0;1;0;0.0;2.0;0.0;1.0;B01
201300051006;0;1;0;0.0;1.0;3.0;1.0;A01
201300051008;0;1;0;0.0;2.0;1.0;1.0;B01
201300051015;0;1;0;0.0;2.0;7.0;1.0;A01
201300051019;0;1;0;0.0;1.0;1.0;7.0;A01
201300051022;0;1;0;12.0;0.0;1.0;1.0;A01
201300051026;0;1;0;0.0;2.0;1.0;1.0;B01
201300051031;0;1;0;0.0;9.0;4.0;12.0;A01
201300051033;0;1;0;14.0;0.0;3.0;21.0;A01
201300051036;0;1;0;0.0;2.0;7.0;2.0;B01
201300051038;0;1;0;0.0;2.0;5.0;1.0;A01
201300051043;0;1;0;0.0;1.0;1.0;1.0;A01
201300051052;0;1;0;1.0;0.0;3.0;14.0;A01
201300051055;0;1;0;0.0;1.0;1.0;1.0;A01
201300051065;0;1;0;0.0;1.0;3.0;1.0;A01
201300051068;0;1;0;0.0;2.0;8.0;1.0;B01
201300051086;0;1;0;0.0;2.0;8.0;13.0;A01
201300051087;0;1;0;0.0;2.0;1.0;1.0;B01
201300051107;0;1;0;0.0;2.0;6.0;13.0;B01
201300051113;0;1;0;1.0;0.0;1.0;7.0;B01
201300051116;0;1;0;0.0;1.0;0.0;1.0;A01
201300051117;0;1;0;12.0;2.0;3.0;1.0;B01
201300051118;0;1;0;0.0;0.0;8.0;2.0;B01
201300051121;0;1;0;0.0;1.0;1.0;1.0;A01
201300051122;0;1;0;0.0;0.0;0.0;1.0;A01
201300051127;0;1;0;0.0;2.0;3.0;1.0;B01
201300051153;0;1;0;0.0;2.0;1.0;19.0;A01
201300051155;0;1;0;0.0;1.0;1.0;1.0;A01
201300051157;0;1;0;0.0;2.0;1.0;19.0;A01
201300051170;0;1;0;0.0;0.0;0.0;1.0;A01
201300051175;0;1;0;0.0;2.0;1.0;7.0;A01
201300051193;0;1;0;1.0;2.0;1.0;7.0;A01
201300051197;0;1;0;0.0;2.0;1.0;1.0;A01
201300051200;0;1;0;12.0;2.0;8.0;1.0;A01
201300051202;0;1;0;0.0;0.0;1.0;1.0;B01
201300051209;0;1;0;1.0;0.0;3.0;1.0;B01
201300051213;0;1;0;0.0;2.0;3.0;1.0;B01
201300051214;0;1;0;0.0;0.0;7.0;1.0;A01
201300051238;0;1;0;0.0;2.0;3.0;1.0;B01
201300051254;0;1;0;0.0;2.0;1.0;1.0;B01
201300051263;0;1;0;0.0;2.0;4.0;1.0;B01
201300051264;0;1;0;0.0;2.0;1.0;3.0;A01
201300051290;0;1;0;0.0;2.0;6.0;1.0;C01
201300051294;0;1;0;0.0;2.0;8.0;7.0;B01
201300051302;0;1;0;0.0;0.0;1.0;1.0;B01
201300051308;0;1;0;0.0;2.0;8.0;1.0;A01
201300051328;0;1;0;0.0;2.0;3.0;23.0;B01
201300051337;0;1;0;0.0;2.0;2.0;1.0;B01
201300051339;0;1;0;0.0;2.0;1.0;1.0;A01
201300051349;0;1;0;0.0;1.0;1.0;1.0;A01
201300051351;0;1;0;0.0;2.0;1.0;18.0;A01
201300051364;0;1;0;0.0;2.0;3.0;11.0;A01
201300051373;0;1;0;0.0;2.0;8.0;1.0;A01
201300051373;0;1;0;0.0;2.0;3.0;1.0;B01
201300051382;0;1;0;0.0;2.0;8.0;1.0;B01
201300051388;0;1;0;0.0;2.0;8.0;1.0;A01
201300051402;0;1;0;0.0;2.0;0.0;1.0;B01
201300051407;0;1;0;0.0;2.0;1.0;11.0;A01
201300051409;0;1;0;0.0;2.0;0.0;15.0;B01
201300051416;0;1;0;0.0;2.0;1.0;1.0;B01
201300051423;0;1;0;0.0;2.0;5.0;1.0;B01
201300051450;0;1;0;0.0;2.0;8.0;1.0;B01
201300051462;0;1;0;0.0;2.0;4.0;15.0;B01
201300051464;0;1;0;0.0;2.0;3.0;1.0;B01
201300051467;0;1;0;0.0;2.0;1.0;18.0;A01
201300051477;0;1;0;0.0;2.0;1.0;1.0;B01
201300051478;0;1;0;0.0;2.0;8.0;19.0;B01
201300051480;0;1;0;0.0;2.0;3.0;19.0;B01
201300051481;0;1;0;0.0;2.0;1.0;1.0;B01
201300051496;0;1;0;0.0;2.0;7.0;1.0;B01
201300051500;0;1;0;0.0;2.0;8.0;13.0;A01
201300051517;0;1;0;0.0;2.0;1.0;1.0;B01
201300051520;0;1;0;0.0;2.0;1.0;1.0;A01
201300051524;0;1;0;0.0;2.0;4.0;2.0;A01
201300051535;0;1;0;0.0;2.0;5.0;19.0;A01
201300051557;0;1;0;0.0;2.0;0.0;1.0;B01
201300051566;0;1;0;0.0;2.0;1.0;1.0;A01
201300051572;0;1;0;0.0;2.0;1.0;1.0;B01
201300051579;0;1;0;0.0;2.0;7.0;1.0;A01
201300051580;0;1;0;0.0;0.0;3.0;1.0;A01
201300051586;0;1;0;0.0;2.0;1.0;1.0;B01
201300051592;0;1;0;0.0;2.0;8.0;1.0;A01
201300051598;0;1;0;0.0;2.0;0.0;2.0;A01
201300051600;0;1;0;0.0;2.0;1.0;5.0;B01
201300051610;0;1;0;0.0;2.0;0.0;1.0;A01
201300051620;0;1;0;0.0;2.0;1.0;17.0;B01
201300051626;0;1;0;0.0;2.0;0.0;1.0;A01
201300051636;0;1;0;1.0;0.0;1.0;1.0;A01
201300051649;0;1;0;14.0;1.0;1.0;1.0;A01
201300051679;0;1;0;0.0;2.0;1.0;7.0;B01
201300051692;0;1;0;0.0;2.0;1.0;1.0;B01
201300051698;0;1;0;0.0;1.0;1.0;16.0;A01
201300051703;0;1;0;0.0;0.0;0.0;1.0;A01
201300051708;0;1;0;0.0;2.0;8.0;1.0;A01
201300051719;0;1;0;1.0;0.0;1.0;7.0;A01
201300051722;0;1;0;1.0;0.0;0.0;18.0;B01
201300051746;0;1;0;0.0;2.0;4.0;11.0;B01
201300051760;0;1;0;0.0;2.0;7.0;18.0;A01
201300051768;0;1;0;0.0;2.0;1.0;18.0;B01
201300051774;0;1;0;0.0;2.0;3.0;1.0;A01
201300051781;0;1;0;0.0;2.0;3.0;1.0;A01
201300051791;0;1;0;14.0;2.0;8.0;19.0;B01
201300051795;0;1;0;0.0;0.0;0.0;1.0;A01
201300051806;2;1;0;0.0;0.0;1.0;1.0;Z01
201300051816;0;1;0;0.0;2.0;1.0;16.0;B01
201300051817;0;1;0;0.0;2.0;3.0;14.0;A01
201300051832;0;1;0;0.0;2.0;1.0;1.0;B01
201300051833;0;1;0;0.0;0.0;0.0;21.0;A01
201300051837;0;1;0;0.0;0.0;0.0;19.0;A01
201300051841;0;1;0;1.0;0.0;1.0;1.0;B01
201300051845;0;1;0;0.0;1.0;1.0;1.0;A01
201300051847;0;1;0;0.0;2.0;4.0;23.0;B01
201300051852;0;1;0;0.0;2.0;3.0;15.0;A01
201300051878;0;1;0;0.0;0.0;7.0;1.0;B01
201300051887;0;1;0;0.0;2.0;3.0;18.0;A01
201300051899;0;1;0;0.0;2.0;3.0;7.0;A01
201300051907;0;1;0;0.0;2.0;8.0;9.0;B01
201300051915;0;1;0;0.0;2.0;1.0;11.0;A01
201300051921;0;1;0;0.0;2.0;8.0;13.0;B01
201300051922;0;1;0;12.0;0.0;7.0;1.0;A01
201300051940;0;1;0;0.0;2.0;0.0;1.0;B01
201300051945;0;1;0;1.0;0.0;2.0;1.0;B01
201300051947;0;1;0;0.0;2.0;6.0;1.0;B01
201300051954;0;1;0;0.0;2.0;3.0;16.0;B01
201300051959;0;1;0;0.0;1.0;1.0;1.0;A01
201300051963;0;1;0;0.0;0.0;0.0;7.0;A01
201300051964;0;1;0;0.0;2.0;3.0;5.0;A01
201300051966;0;1;0;0.0;2.0;3.0;13.0;A01
201300051970;0;1;0;0.0;2.0;0.0;1.0;B01
201300051972;0;1;0;0.0;2.0;1.0;1.0;B01
201300051973;0;1;0;0.0;2.0;3.0;1.0;B01
201300051984;0;1;0;0.0;2.0;8.0;15.0;A01
201300051989;0;1;0;0.0;2.0;0.0;1.0;B01
201300051990;0;1;0;0.0;1.0;8.0;5.0;A01
201300051994;0;1;0;0.0;2.0;6.0;1.0;B01
201300051994;0;1;0;0.0;2.0;2.0;17.0;A01
201300051999;0;1;0;0.0;2.0;2.0;13.0;B01
201300052007;0;1;0;0.0;2.0;7.0;12.0;B01
201300052008;0;1;0;0.0;1.0;0.0;1.0;A01
201300052013;0;1;0;0.0;2.0;1.0;1.0;B01
201300052016;0;1;0;0.0;1.0;0.0;1.0;A01
201300052017;0;1;0;0.0;2.0;9.0;17.0;B01
201300052019;0;1;0;0.0;2.0;1.0;1.0;B01
201300052020;0;1;0;0.0;2.0;8.0;1.0;B01
201300052030;1;1;0;0.0;2.0;6.0;10.0;Z01
201300052034;0;1;0;0.0;1.0;0.0;1.0;A01
201300052047;0;1;0;0.0;1.0;6.0;1.0;A01
201300052055;0;1;0;0.0;0.0;0.0;21.0;A01
201300052056;0;1;0;0.0;2.0;1.0;13.0;B01
201300052060;0;1;0;0.0;0.0;0.0;18.0;B01
201300052064;0;1;0;0.0;2.0;8.0;1.0;A01
201300052067;0;1;0;0.0;2.0;1.0;1.0;B01
201300052069;0;1;0;0.0;2.0;7.0;1.0;B01
201300052070;0;1;0;0.0;2.0;0.0;1.0;B01
201300052087;0;1;0;0.0;2.0;1.0;1.0;A01
201300052090;0;1;0;0.0;2.0;3.0;1.0;B01
201300052097;0;1;0;0.0;2.0;1.0;7.0;B01
201300052098;0;1;0;0.0;2.0;3.0;15.0;A01
201300052106;0;1;0;0.0;2.0;1.0;1.0;A01
201300052110;0;1;0;0.0;1.0;7.0;1.0;A01
201300052111;0;1;0;0.0;1.0;1.0;1.0;A01
201300052112;0;1;0;0.0;2.0;8.0;11.0;A01
201300052113;0;1;0;0.0;0.0;0.0;1.0;A01
201300052129;0;1;0;0.0;2.0;1.0;1.0;B01
201300052132;0;1;0;0.0;2.0;8.0;18.0;B01
201300052133;1;1;0;0.0;1.0;0.0;1.0;Z01
201300052135;0;1;0;0.0;0.0;0.0;21.0;A01
201300052137;0;1;0;0.0;2.0;1.0;7.0;B01
201300052139;0;1;0;0.0;2.0;1.0;1.0;B01
201300052141;0;1;0;0.0;2.0;8.0;7.0;B01
201300052145;0;1;0;0.0;1.0;1.0;1.0;A01
201300052152;0;1;0;0.0;2.0;0.0;15.0;A01
201300052162;0;1;0;0.0;2.0;7.0;19.0;B01
201300052164;0;1;0;1.0;2.0;1.0;5.0;B01
201300052176;0;1;0;0.0;0.0;1.0;16.0;B01
201300052194;0;1;0;1.0;0.0;8.0;1.0;B01
201300052195;0;1;0;0.0;2.0;4.0;11.0;B01
201300052215;0;1;0;0.0;1.0;2.0;1.0;A01
201300052218;0;1;0;0.0;2.0;8.0;15.0;A01
201300052232;0;1;0;1.0;2.0;4.0;2.0;A01
201300052253;0;1;0;0.0;2.0;1.0;1.0;B01
201300052259;0;1;0;0.0;2.0;1.0;5.0;A01
201300052268;0;1;0;0.0;1.0;1.0;1.0;A01
201300052273;0;1;0;0.0;2.0;1.0;1.0;B01
201300052277;0;1;0;0.0;2.0;1.0;1.0;A01
201300052278;0;1;0;0.0;2.0;1.0;1.0;B01
201300052284;0;1;0;0.0;2.0;8.0;14.0;B01
201300052294;0;1;0;1.0;0.0;8.0;17.0;B01
201300052298;0;1;0;1.0;0.0;0.0;1.0;B01
201300052300;0;1;0;0.0;2.0;3.0;1.0;B01
201300052307;0;1;0;1.0;0.0;6.0;13.0;A01
201300052313;0;1;0;0.0;2.0;3.0;1.0;A01
201300052314;0;1;0;0.0;1.0;1.0;5.0;A01
201300052321;0;1;0;0.0;2.0;7.0;12.0;B01
201300052329;0;1;0;0.0;2.0;7.0;1.0;A01
201300052340;0;1;0;0.0;1.0;1.0;1.0;A01
201300052343;0;1;0;0.0;1.0;2.0;1.0;A01
201300052345;0;1;0;0.0;2.0;1.0;18.0;A01
201300052347;0;1;0;1.0;0.0;2.0;1.0;A01
201300052348;0;1;0;0.0;2.0;1.0;1.0;B01
201300052351;0;1;0;0.0;2.0;7.0;1.0;B01
201300052352;0;1;0;0.0;0.0;0.0;21.0;A01
201300052354;0;1;0;0.0;2.0;4.0;1.0;B01
201300052367;0;1;0;0.0;2.0;1.0;5.0;A01
201300052373;0;1;0;0.0;2.0;1.0;23.0;B01
201300052378;0;1;0;0.0;2.0;8.0;15.0;B01
201300052380;0;1;0;1.0;0.0;8.0;1.0;B01
201300052381;0;1;0;0.0;0.0;4.0;1.0;B01
201300052384;0;1;0;12.0;2.0;1.0;13.0;B01
201300052387;0;1;0;0.0;2.0;3.0;15.0;B01
201300052390;0;1;0;0.0;2.0;7.0;19.0;A01
201300052395;0;1;0;0.0;2.0;8.0;1.0;B01
201300052395;0;1;0;0.0;2.0;1.0;16.0;A01
201300052406;0;1;0;0.0;2.0;1.0;5.0;A01
201300052408;0;1;0;0.0;2.0;7.0;12.0;B01
201300052415;0;1;0;0.0;2.0;7.0;1.0;A01
201300052418;0;1;0;0.0;2.0;1.0;19.0;B01
201300052431;0;1;0;0.0;2.0;2.0;18.0;B01
201300052433;0;1;0;0.0;2.0;8.0;15.0;B01
201300052446;0;1;0;1.0;0.0;1.0;1.0;A01
201300052459;0;1;0;0.0;0.0;0.0;1.0;A01
201300052463;0;1;0;0.0;2.0;7.0;1.0;B01
201300052475;0;1;0;0.0;2.0;1.0;18.0;A01
201300052475;0;1;0;0.0;2.0;8.0;19.0;B01
201300052487;0;1;0;0.0;0.0;0.0;17.0;B01
201300052490;0;1;0;0.0;2.0;1.0;1.0;B01
201300052496;0;1;0;0.0;2.0;3.0;1.0;A01
201300052503;0;1;0;0.0;2.0;1.0;1.0;B01
201300052519;0;1;0;0.0;2.0;4.0;1.0;A01
201300052522;0;1;0;0.0;2.0;4.0;2.0;A01
201300052523;0;1;0;0.0;2.0;1.0;1.0;B01
201300052529;0;1;0;0.0;2.0;1.0;2.0;A01
201300052539;0;1;0;0.0;0.0;8.0;19.0;A01
201300052547;0;1;0;0.0;0.0;1.0;21.0;A01
201300052549;0;1;0;0.0;2.0;7.0;5.0;A01
201300052555;0;1;0;1.0;0.0;8.0;16.0;B01
201300052557;0;1;0;0.0;2.0;1.0;18.0;A01
201300052569;0;1;0;0.0;2.0;1.0;1.0;B01
201300052575;0;1;0;0.0;0.0;0.0;1.0;A01
201300052597;0;1;0;0.0;2.0;8.0;1.0;A01
201300052623;0;1;0;0.0;2.0;3.0;19.0;B01
201300052634;0;1;0;0.0;2.0;6.0;1.0;A01
201300052637;0;1;0;0.0;2.0;8.0;2.0;B01
201300052641;0;1;0;0.0;2.0;8.0;15.0;A01
201300052662;0;1;0;0.0;2.0;1.0;1.0;B01
201300052663;0;1;0;0.0;2.0;8.0;1.0;A01
201300052685;0;1;0;0.0;2.0;0.0;1.0;B01
201300052693;0;1;0;1.0;9.0;4.0;1.0;A01
201300052693;0;1;0;0.0;2.0;1.0;1.0;B01
201300052696;0;1;0;0.0;1.0;1.0;5.0;A01
201300052698;0;1;0;0.0;2.0;1.0;1.0;B01
201300052702;0;1;0;0.0;2.0;7.0;15.0;B01
201300052703;0;1;0;0.0;0.0;1.0;1.0;A01
201300052704;0;1;0;0.0;2.0;1.0;1.0;B01
201300052707;0;1;0;0.0;1.0;1.0;1.0;A01
201300052723;0;1;0;0.0;2.0;0.0;2.0;A01
201300052723;0;1;0;0.0;2.0;0.0;23.0;B01
201300052724;1;1;0;0.0;1.0;1.0;1.0;Z01
201300052745;0;1;0;0.0;2.0;1.0;1.0;B01
201300052746;0;1;0;0.0;2.0;1.0;1.0;B01
201300052746;0;1;0;0.0;2.0;1.0;5.0;A01
201300052755;0;1;0;0.0;2.0;1.0;17.0;A01
201300052756;0;1;0;0.0;2.0;1.0;1.0;B01
201300052762;0;1;0;0.0;0.0;0.0;1.0;A01
201300052763;0;1;0;0.0;1.0;1.0;1.0;A01
201300052765;0;1;0;0.0;2.0;1.0;1.0;A01
201300052765;0;1;0;0.0;2.0;1.0;1.0;B01
201300052771;0;1;0;0.0;0.0;1.0;21.0;A01
201300052772;0;1;0;0.0;2.0;1.0;13.0;B01
201300052772;0;1;0;0.0;2.0;1.0;1.0;C01
201300052774;0;1;0;0.0;2.0;1.0;1.0;A01
201300052776;0;1;0;0.0;2.0;8.0;15.0;B01
201300052792;0;1;0;0.0;2.0;1.0;17.0;A01
201300052792;0;1;0;0.0;2.0;7.0;1.0;B01
201300052794;0;1;0;0.0;2.0;1.0;19.0;B01
201300052797;0;1;0;0.0;2.0;0.0;21.0;A01
201300052798;0;1;0;0.0;2.0;1.0;1.0;B01
201300052801;0;1;0;0.0;0.0;8.0;21.0;A01
201300052813;0;1;0;0.0;2.0;1.0;1.0;A01
201300052814;0;1;0;0.0;0.0;0.0;1.0;A01
201300052817;0;1;0;0.0;2.0;1.0;1.0;B01
201300052823;0;1;0;0.0;0.0;5.0;1.0;A01
201300052824;0;1;0;0.0;2.0;8.0;1.0;A01
201300052836;0;1;0;0.0;0.0;1.0;1.0;A01
201300052842;0;1;0;0.0;2.0;7.0;1.0;B01
201300052845;0;1;0;0.0;2.0;1.0;1.0;A01
201300052853;0;1;0;0.0;2.0;6.0;15.0;B01
201300052856;0;1;0;0.0;2.0;1.0;15.0;A01
201300052857;0;1;0;0.0;2.0;1.0;1.0;B01
201300052863;0;1;0;0.0;2.0;4.0;15.0;B01
201300052865;0;1;0;0.0;2.0;3.0;1.0;B01
201300052869;0;1;0;0.0;2.0;0.0;1.0;B01
201300052876;0;1;0;0.0;2.0;1.0;18.0;A01
201300052877;0;1;0;0.0;1.0;1.0;1.0;A01
201300052878;0;1;0;0.0;2.0;0.0;16.0;B01
201300052879;0;1;0;0.0;2.0;1.0;16.0;B01
201300052890;0;1;0;0.0;2.0;1.0;1.0;B01
201300052891;0;1;0;8.0;0.0;1.0;1.0;A01
201300052898;0;1;0;0.0;2.0;8.0;1.0;B01
201300052899;0;1;0;0.0;0.0;0.0;1.0;A01
201300052902;0;1;0;0.0;2.0;1.0;1.0;B01
201300052906;0;1;0;1.0;0.0;1.0;1.0;B01
201300052910;0;1;0;0.0;2.0;1.0;1.0;B01
201300052917;0;1;0;0.0;2.0;1.0;1.0;B01
201300052919;0;1;0;0.0;2.0;8.0;1.0;B01
201300052933;0;1;0;1.0;0.0;1.0;21.0;A01
201300052938;0;1;0;0.0;2.0;8.0;17.0;B01
201300052948;0;1;0;1.0;2.0;5.0;1.0;A01
201300052951;0;1;0;0.0;2.0;3.0;19.0;B01
201300052952;0;1;0;0.0;2.0;1.0;5.0;B01
201300052978;0;1;0;0.0;0.0;8.0;1.0;B01
201300052986;1;1;0;0.0;1.0;1.0;1.0;Z01
201300053003;0;1;0;0.0;1.0;8.0;1.0;A01
201300053009;0;1;0;0.0;2.0;1.0;1.0;B01
201300053013;0;1;0;0.0;2.0;2.0;1.0;B01
201300053014;0;1;0;0.0;2.0;1.0;1.0;B01
201300053019;0;1;0;0.0;0.0;0.0;21.0;A01
201300053031;0;1;0;0.0;1.0;1.0;17.0;A01
201300053039;0;1;0;0.0;2.0;1.0;8.0;B01
201300053043;0;1;0;1.0;0.0;1.0;1.0;B01
201300053055;1;1;0;0.0;1.0;1.0;1.0;Z01
201300053058;0;1;0;1.0;0.0;1.0;1.0;B01
201300053063;0;1;0;0.0;0.0;7.0;7.0;B01
201300053084;0;1;0;0.0;2.0;1.0;1.0;B01
201300053094;0;1;0;6.0;2.0;1.0;1.0;A01
201300053098;0;1;0;0.0;2.0;1.0;7.0;A01
201300053114;0;1;0;0.0;1.0;8.0;1.0;A01
201300053122;0;1;0;0.0;2.0;1.0;11.0;A01
201300053151;0;1;0;12.0;2.0;0.0;1.0;B01
201300053156;0;1;0;0.0;1.0;1.0;1.0;A01