Num_Acc;senc;catv;occutc;obs;obsm;choc;manv;num_veh
201300053160;0;1;0;0.0;2.0;1.0;13.0;A01
201300053168;0;1;0;1.0;0.0;0.0;1.0;B01
201300053172;0;1;0;0.0;2.0;1.0;1.0;A01
201300053177;0;1;0;0.0;2.0;2.0;2.0;A01
201300053189;0;1;0;0.0;0.0;8.0;1.0;A01
201300053195;0;1;0;0.0;2.0;1.0;1.0;B01
201300053198;0;1;0;0.0;2.0;1.0;7.0;B01
201300053199;0;1;0;0.0;2.0;1.0;1.0;A01
201300053200;0;1;0;0.0;2.0;8.0;1.0;B01
201300053203;0;1;0;0.0;0.0;1.0;1.0;A01
201300053206;0;1;0;0.0;2.0;1.0;15.0;A01
201300053214;0;1;0;0.0;2.0;2.0;1.0;A01
201300053219;0;1;0;0.0;0.0;1.0;1.0;A01
201300053220;0;1;0;0.0;2.0;1.0;1.0;A01
201300053222;0;1;0;0.0;2.0;8.0;1.0;B01
201300053227;0;1;0;0.0;0.0;1.0;1.0;B01
201300053247;0;1;0;0.0;2.0;1.0;7.0;B01
201300053250;0;1;0;0.0;1.0;1.0;1.0;A01
201300053256;0;1;0;0.0;1.0;1.0;1.0;A01
201300053265;0;1;0;0.0;2.0;1.0;1.0;B01
201300053272;0;1;0;1.0;0.0;1.0;1.0;B01
201300053280;0;1;0;0.0;2.0;2.0;15.0;A01
201300053285;0;1;0;0.0;0.0;4.0;16.0;B01
201300053288;0;1;0;0.0;1.0;1.0;21.0;A01
201300053291;0;1;0;0.0;2.0;1.0;1.0;B01
201300053294;0;1;0;0.0;2.0;3.0;1.0;B01
201300053307;0;1;0;1.0;0.0;2.0;1.0;B01
201300053308;0;1;0;0.0;2.0;1.0;1.0;A01
201300053324;0;1;0;0.0;2.0;1.0;1.0;B01
201300053338;0;1;0;0.0;2.0;3.0;18.0;A01
201300053340;0;1;0;0.0;2.0;3.0;1.0;B01
201300053345;0;1;0;1.0;0.0;1.0;1.0;A01
201300053349;0;1;0;0.0;2.0;1.0;19.0;B01
201300053360;0;1;0;0.0;2.0;1.0;1.0;A01
201300053366;0;1;0;0.0;2.0;1.0;1.0;B01
201300053373;0;1;0;0.0;2.0;6.0;1.0;A01
201300053387;0;1;0;0.0;2.0;4.0;23.0;B01
201300053401;0;1;0;0.0;5.0;1.0;1.0;A01
201300053414;0;1;0;0.0;0.0;8.0;1.0;A01
201300053419;0;1;0;0.0;2.0;4.0;1.0;B01
201300053419;0;1;0;0.0;2.0;1.0;15.0;A01
201300053428;0;1;0;0.0;2.0;7.0;1.0;B01
201300053430;0;1;0;0.0;2.0;1.0;1.0;A01
201300053436;1;1;0;0.0;2.0;0.0;5.0;Z01
201300053437;0;1;0;0.0;0.0;0.0;1.0;A01
201300053447;0;1;0;0.0;2.0;0.0;7.0;A01
201300053451;0;1;0;0.0;2.0;4.0;17.0;B01
201300053452;0;1;0;0.0;2.0;1.0;1.0;B01
201300053460;0;1;0;0.0;2.0;1.0;7.0;A01
201300053464;0;1;0;0.0;1.0;2.0;1.0;A01
201300053473;0;1;0;0.0;2.0;1.0;1.0;B01
201300053474;0;1;0;0.0;1.0;4.0;1.0;A01
201300053476;0;1;0;0.0;2.0;8.0;7.0;B01
201300053483;0;1;0;0.0;2.0;1.0;1.0;B01
201300053507;0;1;0;0.0;0.0;0.0;1.0;A01
201300053511;0;1;0;0.0;2.0;8.0;1.0;B01
201300053515;0;1;0;0.0;2.0;8.0;19.0;B01
201300053517;0;1;0;0.0;2.0;4.0;15.0;B01
201300053535;0;1;0;0.0;0.0;4.0;1.0;B01
201300053542;0;1;0;0.0;1.0;1.0;5.0;A01
201300053545;0;1;0;0.0;2.0;1.0;1.0;B01
201300053549;0;1;0;0.0;2.0;8.0;7.0;B01
201300053557;0;1;0;1.0;0.0;8.0;1.0;B01
201300053559;0;1;0;0.0;2.0;7.0;17.0;B01
201300053562;0;1;0;0.0;2.0;7.0;7.0;B01
201300053563;0;1;0;0.0;2.0;3.0;1.0;B01
201300053564;0;1;0;0.0;1.0;2.0;1.0;A01
201300053569;0;1;0;1.0;0.0;8.0;1.0;A01
201300053570;0;1;0;0.0;0.0;4.0;1.0;B01
201300053595;0;1;0;0.0;1.0;1.0;5.0;A01
201300053618;0;1;0;0.0;0.0;0.0;21.0;A01
201300053647;0;1;0;0.0;2.0;5.0;2.0;A01
201300053648;0;1;0;0.0;2.0;1.0;1.0;B01
201300053680;0;1;0;0.0;1.0;1.0;1.0;A01
201300053691;0;1;0;0.0;2.0;4.0;15.0;B01
201300053698;0;1;0;0.0;1.0;1.0;1.0;A01
201300053699;0;1;0;0.0;0.0;0.0;1.0;B01
201300053705;0;1;0;12.0;2.0;1.0;1.0;B01
201300053728;0;1;0;0.0;2.0;1.0;1.0;A01
201300053729;0;1;0;0.0;0.0;6.0;1.0;A01
201300053740;0;1;0;0.0;1.0;0.0;5.0;A01
201300053745;0;1;0;0.0;2.0;8.0;19.0;B01
201300053749;0;1;0;0.0;1.0;1.0;1.0;A01
201300053752;0;1;0;0.0;2.0;7.0;15.0;B01
201300053755;0;1;0;0.0;2.0;1.0;1.0;B01
201300053758;0;1;0;1.0;2.0;8.0;1.0;A01
201300053759;0;1;0;0.0;2.0;3.0;1.0;B01
201300053760;1;1;0;0.0;1.0;1.0;5.0;Z01
201300053783;0;1;0;0.0;2.0;1.0;1.0;B01
201300053796;0;1;0;1.0;0.0;8.0;18.0;B01
201300053799;0;1;0;0.0;2.0;1.0;1.0;A01
201300053804;0;1;0;0.0;2.0;8.0;19.0;B01
201300053811;0;1;0;0.0;2.0;6.0;2.0;A01
201300053815;0;1;0;0.0;2.0;4.0;14.0;B01
201300053817;0;1;0;1.0;2.0;1.0;1.0;B01
201300053822;0;1;0;0.0;2.0;1.0;1.0;B01
201300053829;0;1;0;0.0;2.0;4.0;13.0;B01
201300053834;0;1;0;0.0;2.0;1.0;1.0;A01
201300053841;0;1;0;0.0;2.0;2.0;15.0;A01
201300053849;0;1;0;0.0;2.0;1.0;1.0;B01
201300053859;0;1;0;0.0;2.0;1.0;1.0;B01
201300053860;0;1;0;0.0;2.0;8.0;14.0;A01
201300053860;0;1;0;0.0;2.0;7.0;1.0;B01
201300053863;0;1;0;1.0;0.0;1.0;18.0;A01
201300053866;0;1;0;1.0;2.0;2.0;1.0;B01
201300053867;0;1;0;0.0;2.0;1.0;1.0;B01
201300053868;0;1;0;0.0;2.0;1.0;7.0;B01
201300053896;0;1;0;0.0;2.0;2.0;7.0;B01
201300053901;0;1;0;0.0;2.0;4.0;1.0;B01
201300053904;0;1;0;0.0;0.0;1.0;1.0;A01
201300053906;0;1;0;0.0;0.0;0.0;1.0;A01
201300053921;0;1;0;0.0;2.0;1.0;1.0;B01
201300053949;0;1;0;0.0;2.0;8.0;1.0;B01
201300053957;0;1;0;0.0;2.0;4.0;1.0;B01
201300054018;0;1;0;12.0;0.0;1.0;14.0;A01
201300054023;0;1;0;0.0;2.0;1.0;1.0;A01
201300054057;0;1;0;0.0;2.0;2.0;16.0;A01
201300054069;0;1;0;0.0;2.0;1.0;1.0;B01
201300054070;0;1;0;0.0;0.0;0.0;1.0;A01
201300054089;0;1;0;0.0;2.0;0.0;1.0;B01
201300054089;0;1;0;0.0;2.0;0.0;14.0;A01
201300054094;1;1;0;0.0;2.0;0.0;13.0;Z01
201300054101;0;1;0;0.0;2.0;4.0;1.0;A01
201300054105;0;1;0;8.0;0.0;1.0;13.0;A01
201300054111;0;1;0;0.0;2.0;1.0;2.0;B01
201300054145;0;1;0;0.0;2.0;7.0;1.0;B01
201300054147;0;1;0;0.0;0.0;3.0;1.0;A01
201300054160;0;1;0;0.0;5.0;7.0;1.0;A01
201300054173;0;1;0;0.0;2.0;4.0;1.0;B01
201300054181;0;1;0;0.0;2.0;1.0;1.0;B01
201300054185;0;1;0;0.0;1.0;4.0;1.0;A01
201300054198;0;1;0;0.0;2.0;1.0;1.0;B01
201300054202;0;1;0;0.0;2.0;8.0;1.0;B01
201300054204;0;1;0;0.0;1.0;1.0;1.0;A01
201300054208;0;1;0;0.0;2.0;8.0;1.0;A01
201300054216;0;1;0;0.0;9.0;1.0;1.0;A01
201300054216;0;1;0;0.0;9.0;4.0;1.0;B01
201300054221;0;1;0;0.0;2.0;4.0;7.0;B01
201300054235;0;1;0;0.0;2.0;4.0;2.0;B01
201300054238;0;1;0;0.0;2.0;0.0;2.0;A01
201300054238;0;1;0;0.0;2.0;2.0;2.0;B01
201300054240;0;1;0;0.0;2.0;3.0;13.0;A01
201300054241;0;1;0;0.0;2.0;1.0;1.0;A01
201300054241;0;1;0;0.0;2.0;1.0;1.0;B01
201300054241;0;1;0;0.0;2.0;4.0;1.0;C01
201300054247;0;1;0;0.0;0.0;0.0;1.0;A01
201300054251;0;1;0;0.0;5.0;1.0;1.0;A01
201300054257;0;1;0;0.0;0.0;0.0;1.0;A01
201300054261;0;1;0;0.0;2.0;1.0;1.0;B01
201300054263;0;1;0;0.0;0.0;0.0;1.0;A01
201300054267;0;1;0;0.0;1.0;1.0;1.0;A01
201300054275;0;1;0;0.0;2.0;1.0;1.0;B01
201300054289;1;1;0;0.0;1.0;0.0;1.0;Z01
201300054298;0;1;0;0.0;1.0;7.0;1.0;A01
201300054299;0;1;0;0.0;2.0;1.0;2.0;A01
201300054299;0;1;0;0.0;2.0;4.0;23.0;B01
201300054302;0;1;0;0.0;2.0;2.0;1.0;B01
201300054307;0;1;0;0.0;2.0;1.0;1.0;B01
201300054312;0;1;0;0.0;0.0;0.0;0.0;A01
201300054327;0;1;0;1.0;0.0;3.0;1.0;B01
201300054336;0;1;0;1.0;0.0;1.0;1.0;A01
201300054338;0;1;0;1.0;0.0;2.0;1.0;B01
201300054344;0;1;0;0.0;0.0;1.0;1.0;A01
201300054352;0;1;0;0.0;2.0;4.0;1.0;B01
201300054355;0;1;0;0.0;2.0;1.0;2.0;A01
201300054355;0;1;0;0.0;2.0;0.0;2.0;B01
201300054355;0;1;0;0.0;2.0;0.0;2.0;C01
201300054403;0;1;0;0.0;2.0;1.0;1.0;B01
201300054409;0;1;0;0.0;1.0;0.0;1.0;A01
201300054411;0;1;0;0.0;0.0;7.0;1.0;A01
201300054420;0;1;0;0.0;2.0;8.0;19.0;B01
201300054454;0;1;0;0.0;2.0;8.0;19.0;B01
201300054456;0;1;0;0.0;2.0;1.0;18.0;B01
201300054491;0;1;0;0.0;2.0;1.0;1.0;B01
201300054541;0;1;0;0.0;2.0;3.0;1.0;B01
201300054544;0;1;0;0.0;2.0;2.0;1.0;B01
201300054580;0;1;0;0.0;2.0;3.0;18.0;B01
201300054583;0;1;0;0.0;2.0;8.0;1.0;B01
201300054584;0;1;0;0.0;2.0;4.0;7.0;A01
201300054590;0;1;0;11.0;0.0;0.0;13.0;A01
201300054597;0;1;0;0.0;2.0;3.0;5.0;B01
201300054614;0;1;0;0.0;2.0;8.0;1.0;B01
201300054623;0;1;0;0.0;2.0;4.0;23.0;C01
201300054637;0;1;0;0.0;2.0;1.0;5.0;B01
201300054638;0;1;0;0.0;2.0;8.0;1.0;B01
201300054638;0;1;0;0.0;2.0;1.0;1.0;A01
201300054641;0;1;0;0.0;2.0;2.0;1.0;B01
201300054649;0;1;0;0.0;1.0;1.0;1.0;A01
201300054673;0;1;0;0.0;2.0;1.0;9.0;A01
201300054687;0;1;0;0.0;2.0;3.0;1.0;B01
201300054716;0;1;0;0.0;2.0;8.0;7.0;B01
201300054727;0;1;0;0.0;2.0;8.0;19.0;B01
201300054753;0;1;0;0.0;2.0;2.0;1.0;B01
201300054757;0;1;0;0.0;2.0;1.0;1.0;A01
201300054762;0;1;0;0.0;0.0;0.0;1.0;A01
201300054788;0;1;0;0.0;2.0;1.0;1.0;A01
201300054806;0;1;0;0.0;1.0;2.0;5.0;A01
201300054811;0;1;0;0.0;1.0;1.0;1.0;A01
201300054827;0;1;0;0.0;2.0;1.0;1.0;A01
201300054867;0;1;0;1.0;0.0;3.0;1.0;B01
201300054903;0;1;0;0.0;2.0;4.0;2.0;A01
201300054919;0;1;0;0.0;1.0;0.0;1.0;A01
201300054954;0;1;0;0.0;2.0;8.0;1.0;B01
201300054972;0;1;0;0.0;2.0;8.0;1.0;B01
201300054974;0;1;0;0.0;2.0;1.0;16.0;B01
201300054974;0;1;0;0.0;2.0;1.0;5.0;A01
201300055003;0;1;0;0.0;2.0;1.0;18.0;A01
201300055015;0;1;0;0.0;2.0;8.0;1.0;A01
201300055016;0;1;0;0.0;2.0;3.0;1.0;B01
201300055036;0;1;0;0.0;2.0;1.0;1.0;B01
201300055038;0;1;0;0.0;1.0;1.0;1.0;A01
201300055040;0;1;0;0.0;2.0;4.0;1.0;A01
201300055045;0;1;0;0.0;1.0;1.0;7.0;A01
201300055050;0;1;0;0.0;2.0;8.0;19.0;A01
201300055052;0;1;0;1.0;0.0;1.0;1.0;B01
201300055057;0;1;0;0.0;2.0;3.0;1.0;B01
201300055066;0;1;0;0.0;2.0;4.0;2.0;A01
201300055068;0;1;0;0.0;2.0;7.0;1.0;A01
201300055075;0;1;0;0.0;2.0;0.0;1.0;B01
201300055081;0;1;0;0.0;2.0;2.0;5.0;B01
201300055088;0;1;0;0.0;2.0;0.0;1.0;B01
201300055094;0;1;0;0.0;1.0;1.0;17.0;A01
201300055100;0;1;0;0.0;2.0;8.0;16.0;A01
201300055136;0;1;0;0.0;2.0;0.0;7.0;A01
201300055150;0;1;0;0.0;2.0;1.0;1.0;B01
201300055153;0;1;0;0.0;2.0;1.0;1.0;A01
201300055155;0;1;0;0.0;2.0;0.0;1.0;B01
201300055189;0;1;0;0.0;1.0;1.0;1.0;A01
201300055242;0;1;0;0.0;2.0;4.0;9.0;B01
201300055249;0;1;0;0.0;2.0;1.0;2.0;B01
201300055252;0;1;0;0.0;2.0;3.0;1.0;B01
201300055255;0;1;0;0.0;2.0;7.0;9.0;B01
201300055276;0;1;0;0.0;2.0;7.0;1.0;B01
201300055299;0;1;0;0.0;2.0;1.0;1.0;B01
201300055299;0;1;0;0.0;2.0;1.0;5.0;A01
201300055303;0;1;0;0.0;2.0;1.0;2.0;B01
201300055327;0;1;0;0.0;2.0;4.0;1.0;A01
201300055334;0;1;0;0.0;2.0;2.0;9.0;B01
201300055346;0;1;0;0.0;1.0;0.0;1.0;A01
201300055360;0;1;0;0.0;2.0;1.0;2.0;A01
201300055362;0;1;0;0.0;2.0;1.0;19.0;A01
201300055376;0;1;0;0.0;1.0;1.0;1.0;A01
201300055379;0;1;0;0.0;2.0;0.0;9.0;B01
201300055380;0;1;0;0.0;2.0;6.0;19.0;B01
201300055389;0;1;0;0.0;2.0;1.0;17.0;B01
201300055389;0;1;0;0.0;2.0;8.0;15.0;A01
201300055397;0;1;0;0.0;2.0;1.0;5.0;A01
201300055398;0;1;0;0.0;2.0;7.0;1.0;A01
201300055433;0;1;0;0.0;0.0;0.0;21.0;A01
201300055435;0;1;0;0.0;2.0;8.0;15.0;B01
201300055441;0;1;0;0.0;1.0;1.0;1.0;A01
201300055442;0;1;0;0.0;2.0;1.0;1.0;A01
201300055447;0;1;0;14.0;0.0;1.0;1.0;A01
201300055470;0;1;0;0.0;2.0;1.0;1.0;B01
201300055476;0;1;0;1.0;0.0;2.0;1.0;B01
201300055479;0;1;0;0.0;2.0;8.0;18.0;B01
201300055487;0;1;0;0.0;2.0;8.0;1.0;B01
201300055497;0;1;0;0.0;2.0;3.0;5.0;A01
201300055501;0;1;0;0.0;2.0;8.0;1.0;B01
201300055532;0;1;0;0.0;2.0;4.0;1.0;B01
201300055538;0;1;0;0.0;2.0;7.0;19.0;A01
201300055556;0;1;0;0.0;1.0;1.0;1.0;A01
201300055557;0;1;0;0.0;2.0;1.0;1.0;B01
201300055560;0;1;0;0.0;2.0;1.0;1.0;B01
201300055579;0;1;0;0.0;1.0;1.0;7.0;A01
201300055581;0;1;0;1.0;0.0;8.0;1.0;B01
201300055596;0;1;0;0.0;1.0;2.0;7.0;A01
201300055610;0;1;0;0.0;2.0;1.0;1.0;A01
201300055621;0;1;0;0.0;1.0;1.0;1.0;A01
201300055625;0;1;0;0.0;2.0;4.0;2.0;B01
201300055627;0;1;0;0.0;2.0;5.0;1.0;B01
201300055638;1;1;0;0.0;1.0;0.0;1.0;Z01
201300055652;0;1;0;0.0;1.0;1.0;1.0;A01
201300055656;0;1;0;0.0;2.0;1.0;1.0;B01
201300055659;0;1;0;0.0;2.0;0.0;1.0;B01
201300055660;0;1;0;0.0;2.0;8.0;1.0;B01
201300055668;0;1;0;0.0;1.0;1.0;1.0;A01
201300055672;1;1;0;0.0;1.0;1.0;1.0;Z01
201300055677;1;1;0;0.0;1.0;1.0;5.0;Z01
201300055678;0;1;0;0.0;2.0;8.0;1.0;B01
201300055686;0;1;0;0.0;2.0;8.0;1.0;B01
201300055694;0;1;0;0.0;2.0;2.0;1.0;B01
201300055706;0;1;0;0.0;2.0;3.0;1.0;B01
201300055712;0;1;0;8.0;0.0;1.0;1.0;A01
201300055714;0;1;0;0.0;2.0;5.0;7.0;A01
201300055717;0;1;0;0.0;1.0;2.0;1.0;A01
201300055725;0;1;0;12.0;2.0;3.0;7.0;A01
201300055727;0;1;0;0.0;2.0;8.0;1.0;B01
201300055735;0;1;0;0.0;1.0;1.0;1.0;A01
201300055742;0;1;0;0.0;2.0;2.0;1.0;B01
201300055758;0;1;0;0.0;2.0;1.0;19.0;B01
201300055759;1;1;0;0.0;1.0;1.0;17.0;Z01
201300055805;0;1;0;0.0;2.0;7.0;19.0;A01
201300055813;0;1;0;1.0;0.0;1.0;1.0;B01
201300055848;0;1;0;0.0;2.0;8.0;18.0;B01
201300055849;0;1;0;0.0;2.0;1.0;1.0;C01
201300055871;0;1;0;0.0;2.0;8.0;23.0;B01
201300055880;0;1;0;0.0;2.0;0.0;19.0;B01
201300055893;0;1;0;0.0;2.0;3.0;7.0;B01
201300055896;0;1;0;0.0;0.0;5.0;13.0;A01
201300055914;0;1;0;0.0;0.0;6.0;7.0;B01
201300055929;0;1;0;0.0;2.0;1.0;1.0;B01
201300055934;0;1;0;0.0;0.0;8.0;19.0;B01
201300055970;0;1;0;0.0;2.0;4.0;2.0;B01
201300055987;0;1;0;0.0;1.0;1.0;1.0;A01
201300055995;0;1;0;0.0;2.0;2.0;12.0;A01
201300055997;0;1;0;9.0;2.0;7.0;17.0;B01
201300056023;0;1;0;0.0;2.0;3.0;7.0;B01
201300056044;0;1;0;14.0;0.0;1.0;1.0;A01
201300056046;0;1;0;0.0;2.0;8.0;7.0;B01
201300056054;0;1;0;0.0;2.0;1.0;19.0;A01
201300056062;0;1;0;0.0;2.0;0.0;1.0;B01
201300056081;0;1;0;0.0;2.0;3.0;13.0;B01
201300056110;0;1;0;1.0;2.0;2.0;17.0;B01
201300056140;0;1;0;0.0;0.0;0.0;1.0;A01
201300056155;0;1;0;0.0;2.0;4.0;1.0;B01
201300056194;0;1;0;0.0;2.0;4.0;13.0;B01
201300056820;0;1;0;0.0;0.0;0.0;0.0;A01
201300056878;0;1;0;0.0;2.0;1.0;13.0;A01
201300056890;0;1;0;0.0;0.0;4.0;2.0;B02
201300056905;0;1;0;0.0;2.0;1.0;0.0;B02
201300056951;0;1;0;0.0;2.0;1.0;16.0;B02
201300056972;0;1;0;0.0;0.0;0.0;1.0;B02
201300057003;0;1;0;0.0;2.0;8.0;1.0;B02
201300057006;0;1;0;6.0;0.0;1.0;1.0;A01
201300057021;0;1;0;0.0;2.0;1.0;1.0;A01
201300057022;0;1;0;0.0;0.0;1.0;15.0;B02
201300057030;0;1;0;0.0;0.0;1.0;1.0;B02
201300057037;0;1;0;0.0;2.0;4.0;1.0;B02
201300057039;0;1;0;0.0;2.0;7.0;1.0;B02
201300057049;0;1;0;0.0;0.0;8.0;1.0;B02
201300057050;0;1;0;0.0;2.0;8.0;19.0;B02
201300057068;0;1;0;0.0;2.0;1.0;1.0;B02
201300057077;0;1;0;0.0;2.0;0.0;0.0;B02
201300057085;0;1;0;0.0;2.0;1.0;1.0;B02
201300057086;0;1;0;0.0;0.0;7.0;0.0;A01
201300057114;0;1;0;0.0;2.0;1.0;5.0;A01
201300057115;0;1;0;0.0;2.0;6.0;19.0;B02
201300057121;0;1;0;0.0;2.0;7.0;16.0;B02
201300057124;0;1;0;0.0;2.0;1.0;1.0;A01
201300057126;0;1;0;0.0;2.0;4.0;2.0;B02
201300057140;0;1;0;0.0;2.0;4.0;2.0;A01
201300057145;0;1;0;0.0;0.0;4.0;0.0;B02
201300057148;0;1;0;0.0;2.0;1.0;16.0;A01
201300057149;0;1;0;0.0;0.0;1.0;1.0;B02
201300057150;0;1;0;0.0;0.0;0.0;0.0;B02
201300057153;0;1;0;0.0;2.0;3.0;19.0;B02
201300057155;0;1;0;0.0;2.0;1.0;15.0;A01
201300057159;0;1;0;0.0;2.0;1.0;1.0;B02
201300057183;0;1;0;2.0;0.0;1.0;0.0;A01
201300057184;0;1;0;0.0;0.0;4.0;2.0;B02
201300057187;0;1;0;0.0;0.0;1.0;16.0;B02
201300057189;0;1;0;0.0;2.0;1.0;21.0;A01
201300057221;0;1;0;0.0;2.0;1.0;0.0;A01
201300057223;0;1;0;0.0;0.0;4.0;1.0;B02
201300057228;0;1;0;0.0;9.0;4.0;1.0;A01
201300057247;0;1;0;0.0;2.0;1.0;1.0;B02
201300057250;0;1;0;0.0;2.0;0.0;1.0;B02
201300057253;0;1;0;0.0;2.0;1.0;19.0;B02
201300057262;0;1;0;0.0;2.0;1.0;1.0;B02
201300057262;0;1;0;0.0;2.0;1.0;1.0;C03
201300057273;0;1;0;0.0;2.0;1.0;17.0;A01
201300057280;0;1;0;0.0;2.0;8.0;1.0;B02
201300057298;0;1;0;0.0;2.0;4.0;2.0;B02
201300057313;0;1;0;0.0;0.0;4.0;1.0;B02
201300057323;0;1;0;0.0;0.0;4.0;1.0;B02
201300057325;0;1;0;0.0;2.0;8.0;1.0;A01
201300057330;0;1;0;0.0;0.0;0.0;0.0;A01
201300057372;0;1;0;0.0;0.0;0.0;1.0;A01
201300057378;0;1;0;0.0;2.0;7.0;13.0;B02
201300057395;0;1;0;0.0;2.0;8.0;1.0;B02
201300057415;0;1;0;0.0;2.0;0.0;2.0;B01
201300057432;0;1;0;0.0;0.0;0.0;0.0;B01
201300057473;0;1;0;0.0;2.0;4.0;2.0;B01
201300057477;0;1;0;0.0;2.0;0.0;0.0;A01
201300057491;0;1;0;0.0;2.0;7.0;19.0;B01
201300057492;0;1;0;0.0;2.0;0.0;15.0;B01
201300057502;0;1;0;0.0;2.0;8.0;19.0;A01
201300057510;0;1;0;0.0;2.0;0.0;1.0;B01
201300057542;0;1;0;0.0;2.0;0.0;5.0;B01
201300057552;0;1;0;0.0;2.0;8.0;16.0;B01
201300057655;0;1;0;0.0;2.0;1.0;1.0;B01
201300057666;0;1;0;0.0;2.0;4.0;13.0;A01
201300057786;0;1;0;0.0;2.0;1.0;2.0;B01
201300057797;0;1;0;0.0;0.0;2.0;0.0;A01
201300057800;0;1;0;0.0;2.0;1.0;0.0;A01
201300057811;0;1;0;0.0;0.0;0.0;0.0;A01
201300057820;0;1;0;0.0;9.0;1.0;5.0;B01
201300057848;0;1;0;0.0;2.0;4.0;0.0;B01
201300057864;0;1;0;0.0;2.0;4.0;2.0;B01
201300057874;0;1;0;0.0;2.0;6.0;9.0;B01
201300057877;0;1;0;0.0;1.0;2.0;1.0;A01
201300057889;0;1;0;0.0;2.0;1.0;19.0;B01
201300057891;0;1;0;0.0;2.0;3.0;15.0;A01
201300057897;0;1;0;0.0;2.0;7.0;1.0;B01
201300057915;0;1;0;0.0;2.0;0.0;14.0;B01
201300057916;0;1;0;0.0;2.0;8.0;15.0;B01
201300057917;0;1;0;0.0;0.0;0.0;0.0;B01
201300057960;1;1;0;0.0;1.0;0.0;0.0;A01
201300057981;0;1;0;1.0;0.0;1.0;1.0;B01
201300057996;0;1;0;0.0;2.0;1.0;1.0;B01
201300058010;0;1;0;0.0;0.0;1.0;1.0;B01
201300058020;0;1;0;0.0;2.0;1.0;1.0;B01
201300058022;0;1;0;0.0;2.0;1.0;9.0;B01
201300058028;0;1;0;0.0;2.0;0.0;1.0;A01
201300058030;0;1;0;0.0;0.0;4.0;2.0;B01
201300058038;0;1;0;0.0;2.0;3.0;2.0;B01
201300058039;0;1;0;0.0;2.0;2.0;1.0;B01
201300058040;0;1;0;0.0;0.0;0.0;2.0;A01
201300058048;0;1;0;0.0;2.0;1.0;19.0;A01
201300058055;0;1;0;0.0;2.0;0.0;0.0;B01
201300058055;0;1;0;0.0;2.0;0.0;0.0;C01
201300058058;0;1;0;0.0;2.0;1.0;0.0;A01
201300058063;0;1;0;0.0;2.0;0.0;0.0;A01
201300058064;0;1;0;0.0;0.0;0.0;0.0;A01
201300058069;0;1;0;0.0;2.0;1.0;5.0;A01
201300058132;0;1;0;0.0;1.0;1.0;0.0;A01
201300058166;0;1;0;0.0;2.0;1.0;0.0;C01
201300058198;0;1;0;16.0;0.0;1.0;21.0;A01
201300058211;0;1;0;0.0;2.0;1.0;1.0;B01
201300058217;0;1;0;0.0;2.0;8.0;1.0;A01
201300058241;0;1;0;0.0;2.0;1.0;5.0;B01
201300058255;0;1;0;0.0;2.0;0.0;1.0;A01
201300058257;0;1;0;0.0;0.0;0.0;0.0;A01
201300058260;0;1;0;0.0;2.0;1.0;2.0;B01
201300058263;0;1;0;0.0;0.0;1.0;21.0;A01
201300058277;0;1;0;0.0;0.0;0.0;1.0;A01
201300058284;0;1;0;0.0;2.0;1.0;19.0;A01
201300058298;0;1;0;0.0;2.0;7.0;15.0;B01
201300058312;0;1;0;0.0;2.0;1.0;1.0;B01
201300058359;1;1;0;0.0;1.0;1.0;1.0;A01
201300058361;0;1;0;0.0;2.0;4.0;1.0;B01
201300058386;0;1;0;0.0;2.0;1.0;1.0;A01